Destination Port,Flow Duration,Total Fwd Packets,Total Backward Packets,Total Length of Fwd Packets,Total Length of Bwd Packets,Fwd Packet Length Mean,Bwd Packet Length Mean,Flow Bytes/s,Flow Packets/s,Flow IAT Mean,Flow IAT Std,Fwd IAT Mean,Bwd IAT Mean,Fwd PSH Flags,SYN Flag Count,RST Flag Count,ACK Flag Count,Packet Length Mean,Average Packet Size,Init_Win_bytes_forward,Init_Win_bytes_backward,Active Mean,Idle Mean
22,395630.68963598966,25.286102834497633,18.995125897915443,10950.768190357401,6815.896728486716,411.8542777541016,344.97188544721797,39831.59618798595,166.52519737176,28363.04111617458,18400.394248645458,35967.92218583243,47870.56100219348,0,0,0,1,459.5954512038736,481.3309889679385,58768,28686,50289.495180746206,73152.9517460789
443,79366.83053750504,169.2966191363672,10.166694527610565,27173.08521117436,6881.463512433793,404.0947411642826,306.86684522016435,1915876.8894595986,2281.3850859945856,0.0,9247.02585711703,1364.1261527215465,22393.360695651412,0,1,0,0,476.04799281034974,476.04799281034974,23825,7858,12791.262579753107,1280.0979422103374
443,79795.66409666474,88.91148962217069,13.493379298477706,52826.37670383659,2207.6223758603414,658.3745289452236,404.24712887278,139273.06032298785,1521.1438695149513,5897.015306476408,7679.364763566002,19608.819127594565,36825.317672965066,1,0,0,0,321.4763336868475,361.23611441094636,59480,45437,41748.7712540319,61425.9310683491
443,0.0,9.680486571258081,15.65903873661289,1317.1952489282799,9807.473313534065,221.0569158029424,435.0970119857402,39548.67505517017,43.26642676168242,21686.94740377257,14588.409856208822,32210.24711887836,13934.021859022738,0,0,0,1,377.49088710419994,416.6578946735365,12468,41778,44044.75031836987,99646.74498881871
443,738328.045836065,10.840021829614603,0.0,4398.466235689028,0.0,389.9720673386583,539.8148175245097,35068.76769621257,28.248278385386932,18140.304102141185,8787.417046073157,29508.690687099897,28505.767111649864,0,0,0,0,717.810770648832,741.6556728511232,42287,41698,46404.29012494899,94098.69935178036
443,501007.29427637113,18.25921044990286,6.71497884110137,8220.678191036488,3495.50796472694,488.8397857401999,575.3775939591203,45944.67763538285,25.512580630328856,12376.43305862666,3696.4269725354934,29067.85144003224,37433.425763889754,0,0,0,1,376.3892630830773,399.5621933906968,63280,63543,63812.56973683238,79068.64172238212
8080,24902.01898892678,24.664514815487724,20.7143108817656,14943.695286218022,8654.994790321014,671.5815038005153,418.4426102310903,0.0,155.83683409259461,13147.82790093897,6243.96964253334,2838.9160145739916,15273.571524084233,0,0,0,1,329.88773820237213,348.6021952618123,26761,65289,26748.760949846503,32754.33151832555
80,746485.3209307976,23.726634877976707,4.874598180412597,6639.032233793289,1995.8743551456014,505.74297660642463,452.06361699657435,77054.20696477167,90.53255308622686,25855.280936153613,19458.283790319583,25646.888973713147,18051.325339034534,0,0,0,1,455.20164205693413,476.2988648927167,61674,34186,63727.6577731331,122299.23905530335
53,274833.91827233427,16.32040073331004,1.5244494054427022,12852.84865234454,592.7392844749346,676.5156667293464,350.21947531186,53297.00649023142,107.99382490037685,30161.76347677997,0.0,24225.569399232158,38341.061784993915,1,0,0,1,172.27471506821684,197.29509924625947,44143,24633,48131.73908722271,73061.17993123124
443,6828.981408953943,104.87150040774394,4.348502338231223,71346.85980880047,1677.638605919337,459.65351084566515,168.53659078223183,1728375.3417815652,3085.8866079374893,17682.22813274133,7580.662126561236,14656.276154631729,20323.601393842433,0,0,0,1,277.98962997113904,307.81458391414105,57066,59411,0.0,20950.980208465146
443,762706.5951089053,12.831016708676735,7.515415640482964,2790.604284304112,3396.4812429122007,569.9260981401864,737.4383178150741,44606.66729982739,41.38110632992762,22541.152675564594,11584.142696997882,17118.40457543591,32956.838304508965,0,0,0,1,377.44305410752185,408.9938387762123,60809,51422,49006.901582845865,86771.36608313187
443,370232.0513961803,93.17635488012863,17.080692107525778,53900.79837653917,8875.554577389092,607.4519939330157,363.28713508555626,412406.0840068781,802.599462215378,1909.8199490510428,10387.12935994224,2453.5685507591643,47628.18442829524,0,1,1,1,449.3094916599453,472.6462890844025,580,41677,0.0,0.0
443,485431.03950193804,17.36943266931381,10.31504367931092,4833.685987672869,2456.7170338277974,563.0704237436532,288.90060553812475,149389.32949143977,114.78297471719972,9056.414334002002,9495.766893596363,29966.264102079618,30019.81804097402,0,0,0,1,276.16542614118373,300.0883290636477,44146,19465,59202.98756756417,111985.58134378017
80,216882.3275559984,101.74779670801567,17.434181434994358,24737.894610942854,5298.42691271682,560.165800260266,425.387550741624,235352.81553608621,1343.6741833592628,0.0,6864.678507294591,0.0,29539.32389432759,0,0,0,0,547.104057018444,573.3901726591748,42310,53627,20629.53729343974,60593.979484946874
443,46247.02413500138,13.304152564930147,5.883818868789717,5567.423539307448,2824.848296521341,554.9309246726611,445.87296129590715,55071.90275506034,256.27294045101974,0.0,15724.390483832154,0.0,36254.16486210488,0,0,0,0,545.2216045492112,551.6811212826868,33824,56498,4137.4841339363375,23719.351818895557
8080,304518.80533391866,18.06316955142038,16.468232072095137,8049.705378916725,4927.52921796935,369.21422995533885,625.5684101778511,167141.64325332036,157.86878578571978,13113.36285118783,3267.280241025156,1802.8374506410319,18289.947596969498,1,0,0,1,531.8319348787796,542.3262784382355,64739,35376,45666.31635032467,78927.075597307
59072,58335.71093109199,3.795185981527396,2.459623189382456,1294.1967732503067,1248.2237714717971,586.5906601340848,467.28419902888095,1080.6941027347675,497.9904897335356,5415.939864745103,17757.9074887378,11023.58819559978,34171.37031204288,1,1,0,1,676.8185344772808,699.8377436948897,10194,10501,7096.701958365686,60208.17251113983
8080,271581.796867801,12.337422490236987,11.772772516391136,5666.728306715254,3123.6564051539162,380.2791449250058,294.67391005072477,84320.61742451426,167.65252812107772,28312.82659725388,13158.868816488552,34974.79522383713,0.0,0,0,0,1,637.1446174167841,665.9271290574382,55329,64730,44540.0125768263,92132.54571274258
43662,9226.357837915202,1.1531483278306767,0.0,597.5530701682401,0.0,579.6146771902596,309.6457801372253,15456.258862003226,557.7795226566161,0.0,13941.28930417426,4158.886541479073,26948.529241182936,0,1,0,0,386.2543602183903,405.99152111113546,65114,48581,40568.81054807409,0.0
22,175888.10182850074,22.96844119450129,15.578834241694183,10345.972989846929,7577.353143178881,474.42876477840724,411.55166580575445,80798.77770590235,165.22024736722759,7376.691397675228,9677.230643333536,5456.144634658821,16070.630605234765,0,0,0,0,540.1546077872664,563.8616628332227,22139,54241,29867.088731847092,17497.59205157863
80,195625.1031911774,27.034523486552853,15.584775996668615,6720.524630511849,6177.756542157332,510.0164846836494,643.8453747789666,115777.34213411121,232.5011185107107,6664.174435944695,6544.726331404471,21208.587164565768,41332.15272013189,0,0,0,1,478.17303302334096,495.0578620788039,59506,49777,18034.156603375053,24405.6117401045
443,316090.45349146944,14.21307344380986,27.30883087261377,4419.153435776724,14606.751082594137,413.1117430494258,415.0606523741652,36369.60973416144,32.61546430504457,36142.07395418121,10578.934894370523,34734.15075728054,6908.389690734293,1,0,0,0,335.6808443307441,374.89181006247884,7462,46449,61125.41095506761,59931.391612826454
443,772716.8902482577,15.669327191711863,15.598176434729819,3100.570293753578,6932.687136298341,393.8841149300573,525.6210723977257,20769.484092868275,69.21075081956386,21731.180990541583,14956.158864687157,28729.293822231833,30792.132411683677,0,0,0,0,293.25433281165414,317.5334733825665,2282,33740,58576.55211936783,71276.73877159365
8080,156467.73598756967,11.885074451892796,11.297034045275065,7334.937336936763,6878.593851992504,296.8879898499207,535.6640107683953,28231.824736012633,156.6541131849525,25173.107231615344,8177.198070059227,37052.963350657556,35705.63000855223,0,0,0,1,502.83254422525636,525.9896285728668,50512,57776,51028.67596555531,68682.97397041124
443,703181.7212674668,34.88882142710273,6.378543990050419,16108.454342019124,2103.483646209387,289.36743877197665,453.32626226129435,14674.388194246225,94.04513647243077,19226.491546423153,4647.52097408268,16801.85088091244,24880.612487567672,0,0,0,1,569.7839235187084,585.3462778322556,5324,61178,74785.72779882737,115435.34918479243
8080,0.0,15.541594552670283,26.63964842795347,6425.381528592143,12830.268087820516,378.35950014376635,285.9104264220705,118622.15278221705,184.17511666298114,253.60850203135215,8370.659451727688,12521.70561516922,17378.79348782878,0,0,0,1,385.5026669208511,396.77320221268917,41079,14440,40314.894884915106,52111.30998757163
80,142080.46376544196,24.016843396068733,10.629580515247982,5128.162346270704,4379.559236693251,477.7769094677195,272.3203056599468,73455.85062515494,25.490914268643863,29128.835567898062,12873.158351201144,21505.633602269347,17112.36216186073,0,0,0,1,368.36960495265447,391.63349601456844,53282,15070,32337.767056022505,44105.046777332034
80,876322.7814209352,13.465690569369514,8.353689068357362,4093.5918299803634,4454.549599705053,429.2431463949246,589.0769715365356,68467.95037879248,112.08880121908311,36476.07025612204,5002.934980738799,26772.01984484635,25152.410736238155,0,0,0,1,210.15682374411222,230.0757293078791,58752,8712,58286.735357816746,84623.36125299186
8080,3582.976820444106,20.77388995352852,2.729528770664734,11037.395776639629,713.4901005157312,258.240171841456,391.90143892908424,128712.14027188794,70.31517668922038,42716.20402665159,16597.573914380137,19492.835916699536,33300.337401986486,0,0,0,1,407.62148722152665,425.23027155409255,42042,40117,53823.19110895983,105906.04986096513
28286,54903.52963360089,2.139643642324997,4.074008877629328,1067.6839402565265,679.052655665082,483.8098439423833,633.7198651725616,17987.314636472973,817.4142026478218,2476.569860990591,9253.815895634838,6436.239524307521,42217.05687155572,0,0,1,0,620.319646962989,631.0212812908366,45352,55018,19720.90101889053,0.0
80,177921.0632349245,31.85587102013523,29.456443104678584,12915.283538980984,6453.618677876657,580.0627689922628,567.2301417684603,136892.83845566105,144.72942587127076,7883.6200908842475,4747.174369926533,10603.56003380108,14053.12262319515,0,0,0,0,624.3761914998762,644.9197535971745,35450,61577,8057.781834536603,35441.526589110195
53640,38514.6558431116,5.03193177578393,0.06977270243424738,2009.5121729007058,40.23897219178836,222.77564127273416,546.5988421873855,20191.34512990219,1045.7218357381246,6640.843409092669,0.0,5142.283612446797,33270.358460809875,0,1,0,0,425.2031121645907,425.2031121645907,18385,26863,19761.950230135924,15433.808704678419
15811,72479.58563650536,6.003485419229598,1.4917176817767652,3383.5831820720095,765.42843436363,686.089568238721,331.80011707463024,14778.660424190084,482.50148709389435,1522.3792368403674,6847.69505044898,4508.322945468364,39813.32616795752,1,1,0,0,484.01806031294876,506.57597192872015,9602,18278,16010.044457785372,82003.61600930555
80,120021.41989438774,46.96548500599927,16.583278990629292,27857.534579325737,10147.582185833342,495.039331608892,387.0649145289925,944677.3295251403,740.9847070202179,11413.050292152839,10146.999732364848,0.0,43764.07341735429,0,1,0,1,579.5541242806422,597.3216518651436,56002,29647,2394.345573940609,9034.58072920024
80,484470.67000787647,39.76817466677932,14.277912795245982,18099.48598219955,990.023491757151,338.621038322774,481.90424998151747,835541.6794307457,1207.932748829646,8453.741202165766,553.5916259168298,5408.535046745905,26877.41954578401,0,0,0,1,666.0563568145656,683.0599407090374,9936,61728,19926.97538206342,68521.944663911
22,115967.88509646083,12.420192434117723,17.455984945852443,5784.959576210768,10723.348320513824,599.7417441294274,382.560913782734,95064.3305182867,92.1311001743903,3827.583382605879,11264.900797193886,14264.727603822952,27314.79259042186,0,0,0,1,267.4084340462966,283.89913792934306,35550,23504,21123.714567715364,24619.644278623382
22,562532.4491262572,12.276587572116336,0.3258732309191057,5243.550314374069,57.71419982170377,576.5926156968832,441.77094161896736,52071.703276013366,60.1752690761838,11385.265521680105,11104.247574855566,28780.67271718391,43213.06048409009,0,0,0,1,387.1331961666242,416.50686933457905,52762,38537,67285.84655606977,61024.709262359975
80,736388.3380956918,2.1669395668659046,5.162331654694126,821.3275136354329,3466.6614692724525,343.72200620132156,727.9932699185549,56940.5691621252,76.25983741180957,21877.737723995044,5631.567182533601,34351.36564747615,31093.46396972694,0,0,0,0,270.4133197336756,289.8810719318272,36355,43394,10346.056262529557,83511.63155285374
443,773794.6969296362,18.433291880657386,21.099848470142998,5945.917353747943,8975.487432390686,257.6062825465592,479.3840378086526,9058.826982460407,0.0,19978.808558062472,15128.299540632182,23479.845683564417,29048.835717531045,0,0,0,1,335.3838816757131,372.48074334108924,55319,13065,45416.39817638252,56120.465132582016
53,365292.3969386993,34.52739731295609,26.803948431826747,20266.245972186527,10462.283967879253,575.2003934708309,432.391313270757,66535.66657001062,396.40472502235843,7254.391283986304,6295.168652932722,13840.234817084482,29790.6295778867,0,0,0,1,544.4647282933214,571.0784905898386,5980,18411,6180.561124846419,43352.74799636046
53,826547.5250114168,5.338077488832324,4.055419763380632,708.0120227032891,970.7320407348475,141.42948079732176,564.5202028572276,51722.900200623924,84.9300391195928,17778.814298605866,6557.799260572286,30787.464017651804,17522.56303185254,0,0,0,0,508.1231249245054,529.0094924410445,37316,13566,64101.81299567073,84633.32565808095
443,35606.610323537614,29.755452021369514,0.9138463233507705,8879.850936390272,296.9354266700475,563.5131034992177,495.42099217204105,196038.8957570321,2244.896017015808,19443.349084458314,6298.270549525449,2901.740450076556,49833.9512525039,0,1,0,0,483.8113484812342,511.7423429358637,27641,64086,35896.95773463106,12186.11160365798
443,134616.9997935565,113.65885685182408,13.428111825960002,53482.87319392734,5379.6048059212235,287.2681574535292,295.3701978795509,1367529.1324074154,3056.760896596581,20081.539038990457,9395.11194076266,9083.826213488319,35335.231209646234,0,1,0,1,415.2689290838914,429.7247993281284,11386,11992,8430.39999082735,0.0
80,61954.775653895915,98.86001248108077,15.683421338033078,43569.21389065329,6279.065766808643,265.649979780594,529.9718695193783,1061233.1153506667,759.2245656599043,0.0,6504.481243207268,0.0,22395.748786011725,0,0,0,0,489.601703408943,514.1794908526274,40596,2483,38533.48090995892,41630.581794556754
443,265335.6576900542,39.96092019600161,7.425239152342456,30601.23969629652,5209.863887626952,591.9236946734367,337.2018423808479,312757.33853298536,180.41483312477476,3032.2782900164284,4810.210812012209,8422.542717470438,22408.108781404728,0,0,0,0,439.0004986200313,468.09263922904296,34373,9820,23616.157828007294,55192.46184451626
443,219407.15851156012,10.444443809655212,14.440913986130468,5076.149693153608,909.9783141201177,295.8078703279905,418.8010190733369,30519.621444612356,92.43909237237003,21507.96020008398,0.0,38417.54101424228,26672.68295248666,0,0,0,0,353.4110375268722,374.2370524839817,2278,45741,47307.50638273198,105345.04191061026
80,241296.26414499493,16.811718892655843,12.622488093066293,4731.700385195052,5205.63694973925,362.57072022580803,462.30447596421664,91749.29318919108,1.7129942446893267,26746.157082772403,11224.417639092988,28778.91109810608,30120.530206812487,0,0,0,1,498.99065312166726,539.9888199444346,54316,34539,52974.288737024624,99072.87885925005
80,504092.4833086482,31.701268583048083,18.24875543788572,20382.510077915184,6621.042188253596,366.91338318258516,592.9648700748062,101182.91893926999,340.86842824651126,3898.2835716233717,9671.606997198474,12810.263446053279,29911.24427084111,0,0,0,1,450.2098897650752,485.8965948613443,49904,32950,22170.282948650885,35101.40022818156
80,90179.4522527894,24.6883887780696,0.664033795956481,2536.1382865441656,405.22259209886613,349.23890370716464,434.624151269359,0.0,119.49965924821066,13820.202852156921,1520.2572130809322,48915.490934465226,29343.579800883814,0,1,0,0,31.256933993774,43.5943983609914,52466,62093,29843.508628514996,66900.4999560033
80,585326.1851111467,22.659371612935587,14.786921739058263,7396.402754760496,7828.778419846829,521.3513225153783,376.39186268708204,24031.59010616695,49.52628557893043,14214.559252247484,8135.488170693581,22112.396108310742,35938.44356736916,0,0,0,1,354.9991224282957,372.7595180008522,59193,59198,50414.0722566509,76205.6184141034
8080,0.0,17.011236571897825,11.582606573267102,7264.486245118643,5312.359782750958,281.9869981007987,427.99506383694836,135687.35067872918,70.75975700730899,31930.219806170524,13258.774656878544,14734.383079607458,16917.41627005216,0,0,0,0,484.75305940690725,487.50279811270366,47536,28010,51215.526521823165,75023.64548344979
8080,323847.49696893274,1.6714160279888457,16.142607132517057,568.1364353684496,6974.537662144806,644.3102496805955,486.19899753097883,129813.80075209872,0.0,25696.0002906751,8903.931768164954,34346.196553077,35262.173017552246,0,0,0,1,427.211965273356,462.1553205111309,14254,14540,38777.43291798737,90752.1902559463
443,0.0,11.993739726577816,16.3199374545151,3271.7722606161233,9941.566529006048,379.2836533694674,593.6109567781346,79729.20698331083,34.34006767105547,21561.054988713808,19405.25381571812,30272.83483571791,44872.99787362555,0,0,0,1,307.7151566606051,331.5109559571747,16745,62065,60669.623899149854,75828.88688619809
80,513160.40123677405,26.261023139145024,13.291559876059463,14542.65645746594,7509.363460643298,467.0878657997864,549.8088644084461,34087.8976646753,38.686427221442,20080.96049914198,3541.6774031245623,34465.127894034325,35254.977845538335,0,0,0,0,43.59684291590622,77.24034087345771,31175,62564,43021.461665650204,93174.26762809404
443,184118.95665791148,32.461533516667274,13.758542578521194,10022.159423043311,6046.25418361403,541.5039680784135,351.1247141721283,1245577.0118682312,1153.0129537449773,7553.247911355487,2674.768810640896,25904.460834053607,30629.90833761829,0,0,0,0,337.4233006994406,361.12308232386533,26920,33558,24963.359913902474,27486.970443237806
5693,0.0,4.711185460619695,1.5070412444057553,2864.035967480998,760.8596470601416,437.0814279465343,521.7593255632166,27709.296313234096,609.3914968820741,0.0,8882.40645864709,10419.58858853864,39024.31639843519,0,1,0,0,431.74899350322266,448.74461944225453,59785,22278,2076.1340063112493,21309.779381309283
123,324227.80299801874,4.74297081124868,0.46742549302939196,1534.3216980613165,104.08591521635331,502.58794351717876,229.76351497415678,111704.89641357376,30.721053089910875,17206.34892148163,11011.930556560485,39286.31236223685,16966.969981099035,0,0,0,1,386.32509446717404,409.9596784082503,953,23299,23563.46024728973,149949.39243502327
80,271736.00366462884,46.14077539499476,9.495275658364932,21687.34578873168,3419.47696149777,503.4170629467168,452.30638725450865,622919.1440114684,1304.3950093457092,6727.29375956688,5217.105197362358,19860.69258252911,26793.174211456193,0,1,0,0,424.47484930324094,442.7148521746979,35693,11701,10372.748107090967,35309.29084700715
443,203957.4570842732,97.71511483405396,13.136427776347805,44497.60183255107,2056.7947076693363,584.1079574531826,504.65948242586904,2315526.9431089275,1676.595362883434,0.0,0.0,2026.6693697517667,23297.563735809563,0,0,0,0,620.1764261089627,635.7300023727144,4384,59206,0.0,36077.98524669088
80,1548342.592738681,23.658135373769706,0.0,13833.947580940528,0.0,617.1024337660283,137.56915801228251,164241.6885776456,37.64204016431654,7194.294048179003,14136.72310432778,0.0,28159.268550164023,1,0,0,1,442.834847868914,469.85679004032164,39462,37853,16621.83235576417,0.0
443,300700.68058386934,34.702802763004996,4.362269087776849,8152.204025982425,246.3896440511801,419.98745464527155,504.2203486155281,667062.1477217134,1163.000376976646,0.0,2458.0585852731947,13920.178380171365,36381.027238429444,0,0,0,1,561.4875928507994,586.4934240511612,37711,24062,5515.477772628492,0.0
123,1093034.0474330941,11.553676274786152,12.844972479245737,5315.364356743951,4520.666454425626,560.2927219948799,320.051205907933,32550.121279221992,106.07229170955114,26360.207037650012,10363.73420116406,29494.678018046714,17892.945335685312,0,0,0,0,280.7831196064731,296.28349848765504,14349,12136,61516.77651066035,100869.34685835752
80,639183.708745,12.196223722398093,11.44352537013602,264.9476003725548,7089.668894417724,410.9730608059939,425.97691301346254,73199.60661900355,125.64649738314986,17757.390231278772,11480.837110407138,34208.31040122879,36537.208004660715,0,0,0,0,647.2336344574715,670.1889007145883,26654,42860,34175.01295694128,65545.82516562907
80,180531.54874263974,107.99728126569411,6.551411603705702,55439.30049587789,3297.1182114910152,499.5062234646955,410.634209066321,1661147.1790423174,871.0813184280537,13262.022401468103,5740.395240160979,8220.4903232888,25857.345107197878,0,1,0,0,542.1793364574573,564.2277182694664,40778,18512,45106.26744280387,64879.69870543343
443,141623.02105005743,47.292718627112386,1.9555430222880652,22807.581407432703,882.406694585997,377.6064007371423,200.43557719021086,987718.227792888,1049.220149106232,6253.966703884682,12134.98357197195,0.0,24065.123661993504,0,0,0,1,566.66658154269,580.3391829474582,16792,51788,23334.66592441476,31223.108518440666
443,54430.285651862425,28.034773963139912,2.7995338252810473,11174.656475825444,917.0089261486198,310.0957789002994,435.904633074367,2071204.0441674944,2562.6556723747026,19861.097548836646,13597.16829944123,4957.151065384191,10322.158041139563,0,1,1,1,478.73570567909763,494.474593771799,59803,2120,0.0,17263.416859556306
443,790582.4194959565,22.515763686553427,21.825248845300706,14824.284430226631,13802.262866513947,551.5023538501817,441.272748519878,64805.070636449695,47.901431306421244,19673.642030772182,2545.8213285925103,22798.624282507153,33066.81021027406,0,1,0,1,482.0800111051295,511.72635914261406,25120,30776,45556.318605323606,61468.391012605076
8080,91246.5657595179,54.334003358745136,1.6521025618819527,30557.79401606615,414.46343317234096,402.12206655742705,518.0471123034428,1543440.9661268243,2190.1787377372193,1748.7846060976935,3716.522569524219,0.0,38578.21355585212,0,1,0,1,133.81663966665434,165.91104291215044,48490,23049,17429.24076829943,69572.82874606326
443,92964.38654594739,51.77189649157166,8.552887592103312,24224.862586138144,2860.4139791375906,843.5222585211163,295.29613672916275,1435824.1451960541,639.0199364752115,5838.6570984991895,3423.754226511949,12043.048369136335,46041.59450435857,0,1,0,0,568.0216487956309,580.247377676035,56106,10693,12926.746359461096,7083.404832157619
53,453578.85995897,30.97758003417796,9.149763237013852,13051.30139057042,2983.4392999119873,318.6007518615014,401.11753781600896,75418.61378955048,77.96441587315583,23693.79145500707,7629.649343739855,38983.72544518679,28283.862999032797,0,0,0,1,486.3405435398703,504.29637457774135,13330,52136,40859.49559178476,75451.40359107642
443,91267.115028622,98.67803589852518,6.8699378748217175,54726.64479209889,2065.781374675509,125.51898111926022,283.2666738496937,2150326.968028156,3366.3904305495053,12863.6868305202,16620.541101702573,14632.91743404315,28612.04501188815,0,0,0,1,715.011249923302,747.9009847511626,3768,25896,22407.29625685968,76027.19357013503
443,93483.34362051915,30.142474972847136,6.988182526920972,18939.444552353194,3484.177556856761,231.01899081233074,454.6341885641232,91439.39900533334,0.0,15519.341482159047,8710.920183285794,19339.474393461114,24608.84967327797,0,0,0,0,380.5488666384032,411.65581243224585,55005,57994,56073.183208658236,43081.40754643185
80,7467.245380551758,126.36410500266732,8.308140714135668,60180.84992005449,5447.29008916349,520.4397500520142,416.4871292321619,2332509.450655819,1613.6665914823202,14998.327210743224,7219.974017459294,6044.651534697752,10866.878009173906,0,1,0,0,473.43179581198297,502.03478766363236,29523,61385,0.0,46330.50350664408
443,312805.87334986625,13.255163009750355,10.9823822147628,6443.15453083945,6808.582689392364,357.4704169311368,432.61162082075805,1231153.6693677055,1046.0500512096464,10141.830529043127,2572.423286375124,0.0,30389.26519794886,1,0,0,1,485.57856484867784,499.35962189365335,47402,5625,5405.181292613519,21885.376521689668
123,373848.7316623401,10.81763675339542,10.780550670815824,4073.2184308236533,5910.664711960153,450.36790858109157,162.98611313815616,67516.90375660609,132.722674442754,32816.26724603986,5034.918671564504,29366.307635475372,35351.302069015284,0,0,0,1,338.9976878778024,348.7612076698018,15790,9867,37112.59713373983,152540.42867438833
443,331.4161169573199,8.577842394169437,15.253452034703676,2968.262515784631,5452.437610275197,451.73790550877834,474.7207175509813,144737.1404477591,3.6661982186408153,17583.218843474126,3914.9785298435536,16148.679204862536,16882.57815800418,0,0,0,0,475.87584387851814,481.90621613604696,39001,29632,71132.16869852024,105667.46035773838
8080,10733.792515774665,14.84072482425725,9.723606556668322,5175.343930500901,2953.3613499367193,521.2836248194228,216.04926606075674,1816785.5147773013,1559.6021053416305,0.0,6852.353557729309,0.0,24738.245269558305,0,1,0,0,455.86125022243243,474.0021716819585,8670,48794,0.0,0.0
80,105996.84712532576,66.10680069535842,24.774250772595316,18248.72242081992,11086.374315318973,622.2905369247978,425.48400482634725,662440.364804019,914.6220564008966,0.0,13902.132239144144,14661.81430353742,23045.74936775879,1,1,0,1,455.8055263001152,467.1023088277482,65359,11521,589.7292463015365,53381.826794088556
6667,372487.29696024285,1.9390222471390146,37.5650216194449,671.0412894232586,16621.91506759002,601.1517174810524,471.3464715370011,0.0,180.54789672607677,7264.08899195121,16078.897626354696,16340.964098269587,4573.007114737731,0,0,0,0,413.3572953238393,444.0876244628697,50044,57561,6494.735029144584,0.0
53,372804.6344202983,20.076269966105755,17.118612813161693,7374.415987533141,7298.77134665983,508.97254855250515,482.09363761698785,127767.95898323192,95.26582472551566,27059.446367232227,13229.996383678388,20371.25088180467,37471.5954290211,0,0,0,0,519.0951638137982,546.0584837150572,39536,51952,3672.27130253784,53087.72885688499
443,390043.78136966267,5.709909695449854,14.086278004068427,3343.056744667021,4486.711117439402,464.08016787677684,400.52351933343834,43525.13565225217,93.44560615117935,16267.868911859518,14304.887540541346,27891.628581699933,28599.25023635802,0,0,0,1,495.41196539568676,509.0111700467419,64504,31945,53051.12518284256,118412.97809680592
80,50185.2121362715,22.861979867124226,4.5548279848308155,12962.72832429302,1684.9814919112039,402.9009933222834,163.50167713228433,1286865.8474079543,2669.7021736880833,4936.334147560699,6764.105422635577,14352.121215523614,38003.56109876035,0,1,0,1,317.44461785556405,345.5324633320833,16771,12156,5097.621882612513,3509.786859162392
443,685486.2866063755,0.0,2.684872941974641,0.0,754.5337966297928,486.21940017316325,461.5578706824483,92585.14054465269,196.15152645143118,18234.78687052939,9213.704265787675,29013.322823027487,40338.45141271172,1,0,0,1,341.97059160276314,364.5323293597869,43342,3499,50185.40134406255,105026.04841594839
53,334248.3676165135,21.680567711372806,12.979024065316045,12192.23911897523,1560.542159387295,559.6129146817655,529.9237222358071,70978.54155234179,128.238800362567,21552.67804762936,8996.0368752713,33300.8616199129,23423.2020454649,0,0,0,0,372.1169140381558,379.4259966444991,20433,1857,17116.116979772345,92260.69975409999
46604,57288.198675315,2.6347448676818086,4.497046535964126,1789.639770906933,2412.3097174355903,420.7882537048022,387.1594446484261,23920.995367948453,264.96415512677686,0.0,3591.6151298033783,8107.851767463604,30153.263607499055,1,0,0,1,451.8447055675764,476.1817460011471,47468,1468,13995.218903107867,53863.583050691115
443,208224.6664146925,11.854134403733868,18.281734377274855,4407.143765442986,3625.9191131812618,278.91593286858273,542.2733080906412,41399.19635316098,133.95609597728463,34857.594257153505,8622.780944065935,35560.66951735153,28426.53275971719,0,0,0,0,277.5218716700849,316.0988751304043,57072,40483,41203.81765155299,94735.81810527729
19315,62586.04007378381,1.5235762707812537,1.5277075167451706,274.0794624438694,144.05843575855513,369.864408917457,286.15646336691844,33632.67689701732,963.4694968894405,3599.5135749936107,8181.329456541332,597.2912220585986,27245.737576040494,0,1,0,1,530.3077830609179,546.985523585134,51037,65278,7187.22015746292,30557.760736134012
80,1076023.3412593042,18.51202768058583,11.705313687120421,8604.319885081959,5063.988789056253,460.9171285784723,232.0482341930712,239718.21271406335,465.73519553534663,10652.919759233264,8646.189075545308,3272.6719136520214,19326.60696460153,0,0,0,1,466.7496936710537,483.9051408714316,47611,40123,27694.12928924195,33195.48843181706
22,335755.05211890466,8.735036013459107,21.919368378976287,4071.175851403605,9628.091326709904,427.6817129047202,412.70339241643336,116891.33167457345,231.9060770234776,16264.394106506483,3100.9952090502456,8347.225911279633,22825.479735101137,0,1,0,0,576.6481208698373,600.4471001856159,57313,30430,15618.519941429273,21210.469122433704
49820,37022.587618559846,4.926550787787193,0.7198837230697273,1670.6649069400974,250.62889168970253,547.0927617434236,585.1779281200106,7316.302153683217,341.62648653910867,0.0,13021.716907391496,2784.4694077824643,15359.300694577649,0,1,0,0,449.072498294368,459.17314537608365,35809,6616,17794.252436224717,30973.39396864078
80,426768.3397103393,13.842361153236785,0.0,3614.5455025550705,0.0,325.01851955818444,380.6409332865641,16125.130853083167,0.0,29581.49987366889,10957.7279989401,23554.879763887137,29795.577779990243,0,0,0,0,616.731468587597,655.044029638276,62091,58453,42483.80091360981,85402.45583817769
80,679602.7608408856,15.327642519216411,2.7505613027168074,609.1295524199578,1505.4692546392284,176.92756180815687,456.4396020919989,124167.28480584401,99.76878320446798,18321.798301596486,12661.303950144338,34396.81519737169,25058.62830398176,0,0,0,1,427.8613356581614,450.6762375986909,57517,25253,3291.038041544074,54881.83462667332
22,818082.2629307816,22.122654595054822,14.768172843075906,11091.354348154391,7449.9473342582405,227.19717490950038,314.7621379165049,5628.938143759493,30.886848989238082,19725.005268992347,11951.307192466931,31824.427178422506,14067.709624032075,0,0,0,0,476.49220012990696,489.142202436185,62515,19390,32447.6695314096,47523.873731312815
80,322198.94605086325,75.18664433830322,10.722372998117537,24220.782778619618,5272.030262313184,735.4389681630688,425.0154526188351,945483.9410774525,1158.7276367672034,6655.241337206426,8768.247740675479,8741.986578127238,31011.062137306802,0,1,0,0,378.83622987423297,394.71701509807264,5327,38646,16624.745868142247,15446.242764503935
7831,92415.04270271523,4.794641647764148,0.0,2684.318239787838,0.0,479.71606735941305,440.77346778412686,20124.214561919,1037.0804677027547,2155.5254062072695,11538.509406491354,3099.144633447121,31545.169598615525,0,1,0,0,435.653014020133,458.63962364990095,57229,59147,18040.423012799547,48368.85118267928
8080,43020.044718265824,9.318527387786673,10.411542965207289,2066.4255160261246,6292.633724537406,285.111842269108,399.87014140858435,76181.09899382843,62.85506928746889,29237.237074558427,4919.681213486629,29370.29754579605,18555.874863322293,0,0,0,1,307.5890120179665,323.25343947531485,8991,46162,37882.05514482654,94336.81357056845
123,728175.1522037658,13.279917928611045,3.542080324017622,4161.742082203366,2126.1564347891094,238.50120571664485,127.6335033517272,97578.05223917242,148.31510466812557,17206.17047078655,8897.739122073825,26279.318338753248,37256.11880247297,0,0,0,1,457.838547282688,471.111977372021,2962,32002,38271.41489181206,100361.86919600893
123,450081.0312264539,19.656325800775196,13.828850712704346,7736.884639590693,1824.7082742881096,361.29794271345673,570.7603028200341,56086.94271855608,0.0,23876.06196603248,14985.160053499192,14552.849976649433,21391.25581275583,0,0,0,1,355.7316236522617,374.25893543828926,10591,57306,24490.078086816007,97190.64884317655
80,41553.249810155525,116.65784768422046,10.494528815261553,45033.936999057914,5465.495288745236,500.3671421284462,346.6859770342804,1709873.569812645,1496.482641700985,1752.2626604952238,8900.978120522184,19349.849967543316,28471.651563209194,0,1,0,0,489.15488731730517,518.2824859339335,63881,21962,35102.25378744748,9415.925820621218
13036,23760.18476861527,3.3499453480875094,0.9468670638089915,1761.9553679040253,400.8230989299404,630.2154629187899,428.26928086154084,32911.14906936872,155.89331737692322,11226.853068343336,17858.58899818985,13163.993979397392,40098.451718549375,0,1,0,1,381.251675086049,395.8568637134239,64365,37131,22084.12293525666,13431.801229879531
443,214722.44732544603,0.8335906232878898,0.0,257.56002454319275,0.0,413.5658753950244,250.4831729219807,156837.54062635347,0.0,10968.742573214597,17021.731603507928,24615.817141216394,39350.977237237326,0,0,0,1,242.22400866048758,263.92236938556664,1578,25906,25995.920335024446,37598.07276556337
37720,13404.968240159826,9.484038487831887,2.708786806666403,4080.4532161058887,685.2074715547515,650.9852703173297,323.601854420903,11063.900090244488,710.5855037927672,0.0,10651.867251946212,3797.239187348264,29745.327633180947,0,1,1,0,560.1710100319999,574.3011063051537,56883,53061,11603.11947446475,3852.344508384136
28071,45557.99650322204,3.1184359061293376,1.2918257975409668,1111.2387285584498,300.3718678986115,513.929834883565,78.73248871519604,14795.43614462589,522.4517505527168,793.0805494852675,6677.181989507517,7113.936014895766,28458.79407218689,0,0,0,0,342.8151505369441,377.18424701462897,40180,13854,0.0,61251.006620454056
443,597182.0707367664,13.366367672095908,14.516411762992233,2831.4112266694,5982.311617769252,302.78065257321657,181.669074345782,102958.7816575095,76.36880621764428,24571.334614533647,10799.342562953916,21711.81771704505,34014.79430085259,1,0,0,1,345.2148541715607,358.23061147243806,51838,40980,42149.09374265512,66896.95588765861
53,844057.2448229552,0.0,34.28521251114174,0.0,10358.6264821776,457.6263183825147,454.41128581515244,90378.52125776309,115.06195385194118,10803.354262751564,3709.3256713340434,7627.77549164207,40710.01834098377,0,0,0,1,577.2263647384573,592.9392127599908,45639,62793,28652.08514672774,35106.39384562469
443,748690.4418353497,8.651297140420082,20.568878050846216,4178.41871999876,6480.876038222654,268.24094574802746,278.26800900775476,117245.32060116992,97.6245170631661,25324.24287127505,0.0,21093.044345151284,28754.795516243757,0,0,0,1,354.04996097063446,360.550925167174,28922,52679,26874.083321388895,92645.03924123317
80,244427.1578462928,10.643329258791988,9.089898999605797,1999.072509784377,4815.940087785785,368.0465206466447,351.21400755072335,25056.242621296326,124.4886736820662,19045.82462491709,6137.076932215919,22476.72411824046,34424.347146757704,0,0,0,0,233.84207866116458,248.74618144710755,59575,9338,1036.7954333244488,70214.18381184436
443,220043.8659063389,15.64525312475919,1.2047252613153994,4437.580236625952,615.0261248121728,338.2800614244925,305.82422625422186,99698.33104025963,169.6156345041448,26089.01432553768,5292.060671933728,23710.848672579956,27270.67276206313,0,0,0,1,348.649791020654,386.3745223120402,18174,46393,55926.239561657785,77109.09776146787
22,1197821.6599915554,0.0,18.274217713234968,0.0,4664.912415951433,326.5188943924923,479.8050234927582,28115.822634739867,21.389429604893188,14971.322641093542,0.0,46437.73504751992,15933.774141477727,0,0,0,1,315.48257905918763,340.80867438654786,45377,29910,34235.82567419774,83848.44802462023
443,179795.5526239442,71.73605193831474,7.494680166450105,34498.42525124592,3531.3991511538707,505.3476214931373,378.4654359679356,580213.1396441264,550.2605589624675,0.0,7335.603124807508,0.0,21218.54036370198,1,0,0,1,403.24944935914345,429.42403361370043,65181,3804,10522.918339042226,0.0
443,172686.05429379654,57.71970600440611,2.923427900966457,19071.358039127488,1448.1345799533196,576.7056355925818,368.088303228341,514232.0756970095,744.397181672621,1403.5536627778092,12464.381435978963,0.0,23590.70916732936,0,0,0,1,553.8040801945033,578.2874735819903,57490,26636,0.0,48197.51288577992
443,285496.33864049445,24.93343342974626,5.348670021867916,2573.532046282677,1694.7348193447988,343.7138037496358,333.5749761585486,97903.58269658161,56.87413855765202,41902.91271813524,5250.78610105058,25401.93918175143,38762.162459404746,0,0,0,1,438.742892978977,459.85245283441026,29545,13901,21113.11498228518,85991.14166455776
80,112009.73880337586,82.84542521252632,14.61502195651149,18788.056809830472,7185.524339430298,529.6030326641128,329.2074448614964,931782.6381183873,531.1139976747888,8721.859470028456,15083.29661299962,16647.85985842948,23945.476874506556,1,1,0,0,545.7760924544883,557.65807474592,23580,47060,21879.38047379906,13190.278372957351
30553,36524.08665649249,0.0,3.7609631367005587,0.0,2362.931109071124,496.61368265092614,415.1730219629082,25235.532547481398,815.7487295540069,9974.627965534652,1186.4152170822217,5198.908200182369,22284.8310995255,0,0,0,0,428.1796690730716,459.4479068601331,29144,39223,26.272217012368856,32164.065883865173
80,123659.39159541484,90.55111503997097,12.134674151166145,44207.10800100996,3995.29028442733,496.45238968724885,257.28653725834147,998929.2941533464,939.0753709308502,1931.0295027398183,10307.776541304778,0.0,30002.399925626796,0,0,0,0,548.5026480484867,554.1843784598661,12098,36040,43451.11222797474,15316.491919149616
80,236656.71266459956,10.856369326322616,15.846857574928382,5443.635146703872,4223.819845449025,409.3591093574956,468.4856106987262,274552.28624898894,46.840074817735086,0.0,5087.517179907913,14819.712169462764,33020.28398243425,1,0,0,0,680.6280226954526,697.9866065455248,60262,29388,0.0,104080.41027583898
443,1287039.196280452,24.178414752089605,45.600477656072,12313.780580568919,18409.20485218606,487.22750946196646,398.7406895007171,348105.2661337848,289.94024001637104,4534.239634596988,14664.758377815495,9136.561290266247,37048.95740039025,0,0,0,0,381.98080903260995,402.8463571543451,63183,43907,21364.490684075456,19049.05468511298
443,608648.2480153838,12.474240977535178,8.852334225474552,4117.520981973602,0.0,251.79351673599774,541.7082933920224,128546.96956673216,64.30268436901058,23418.054490776285,1650.5585933477105,22966.693378325934,47016.89260847277,0,0,0,0,342.5658878407435,346.6339307483135,711,618,42258.49156834036,61976.00318469287
443,402116.19974379824,11.028590978442883,13.8367190557151,5097.37591864689,5074.842261041104,377.4788335427519,409.71663994622236,32167.17809349756,83.77599994542695,22077.92630168831,8906.782482652165,16361.123165750618,32330.9582547817,0,1,0,1,475.13888905929576,499.6682637795528,52657,51691,38910.99530534585,97775.20634024835
443,501195.5825250154,10.867740529956578,2.5794308174649476,4818.731348193027,752.1392003714496,392.276627847927,343.76838129391183,50355.92376119407,32.458372918915174,0.0,5067.612051504263,13280.039079464808,22168.91535234215,0,0,1,1,519.3025606597653,541.7936129285347,58163,55317,90479.84847427707,111153.36520805043
48044,11708.241708929,3.0859821094177975,4.073319001082382,1392.7250225094585,955.8276595403498,538.2395525366516,317.4438881660614,15739.531475041673,361.92852189386986,22715.51523425551,9128.639243684343,14437.61863104633,49786.340931982595,1,0,0,1,514.0515139030824,522.4404160528318,26811,61457,29873.40270007676,56907.254460334545
22,63515.133087770955,22.89882669644475,14.86731232635678,15508.991179923893,8800.723404888895,478.4713977156033,301.6259519118952,57794.25998391124,262.6218752806349,325.19342924362536,8775.690598212259,29114.26165377911,44502.1582468806,0,1,0,0,230.69403782072766,247.39416429285748,34906,11012,20732.095491339875,77914.87352615275
22,208284.5500161624,29.914876468652892,7.109490628888428,6202.234067586985,851.0461253668626,267.20782536951987,517.9664517854721,20096.703587606928,0.0,27077.21554329121,10577.67536484374,29497.481884633013,28379.027579076475,0,0,0,0,58.8015129833002,80.12386228305311,16170,15638,62953.16632755441,61127.211941975664
443,249518.9984084106,13.651627445080859,7.98919974122438,5364.3978870197725,4346.817037683438,466.440701399433,102.9016860839638,155836.29582741333,74.39977804908293,12134.252569812372,16417.010028295834,17052.58524548992,10920.709569482187,0,0,1,1,432.7426667211592,452.42068249983794,57422,51828,37379.38167087071,92840.00411949499
443,0.0,14.516543795099125,14.244213694484019,2896.821660353697,4843.473524202313,334.1726705388644,587.7708205815617,48615.868500594595,48.38769297794116,32810.336672733414,0.0,26356.05969172515,32962.562791153745,0,0,0,1,470.1944120204099,487.21329235821236,48802,23521,52628.21951632201,108056.69824886299
80,654116.6702659007,19.75146407739744,15.808078915974118,6465.433047837576,7147.612499684336,411.11368885871445,324.3698513540798,30056.9753484791,175.42235593099957,6976.377556487945,13551.315596344382,10375.827094883833,8617.218906172202,0,0,0,1,362.274645253018,385.57071469115965,12993,3805,0.0,59136.43251923869
80,461512.8103566482,19.63475165859849,18.82711037543463,13533.374770810857,8869.752794652017,566.5397823558959,451.3235344012735,275220.04865331785,330.3987319470764,11867.522148062817,6680.02015583108,5184.176841728092,37897.51673326549,1,0,0,0,328.6775072883097,356.78559842677356,25643,8580,22610.27090196188,75204.49461143263
443,43613.999730639465,106.56389600885171,1.752957323506556,71232.20332635575,670.5606442127789,446.83586688156913,545.6643693487034,2352363.9291766617,1405.0469890120085,12225.981004274803,10886.10600618583,4175.890220568814,24787.51301729027,1,0,0,1,597.1624959763753,615.4498871823884,47069,54997,41219.49379192156,50952.581827687856
53,1013513.7395979388,16.89699980754158,13.108124759633684,8051.951327030124,7950.8877107647995,413.97678236672004,373.7513190170336,74808.88744756655,94.89265856459333,20149.78378552172,11013.70660262606,41088.03627278763,34811.4363077631,0,0,0,1,288.1011149007314,304.4379133300885,23363,7915,43693.26275371852,75718.94813339825
443,600243.9400638333,20.074670171667748,18.681569689347107,10167.172716838604,7060.075099280167,507.7789330208102,470.63212813074136,78908.78509475105,90.63675163989052,32744.24332971435,14691.17359551443,31320.526135661326,54880.94345311502,0,1,0,1,592.943810216384,597.090119519385,33518,38352,45955.90826538335,123336.32520492795
40470,56915.04118083291,3.182747660300757,1.5483989089080017,1220.1965419608105,523.1267846825659,381.52069946088363,160.0918018696474,1726.7337068211236,78.5874345061012,3167.5982167944244,9001.528710795068,15940.720500664725,46409.94076452995,0,1,0,1,459.3844832298394,481.18248154737813,62595,37088,1535.5626590011252,41376.39643803036
443,156885.3584301506,82.0247340568053,7.332018303499843,60409.19928925733,4121.659504154245,421.6528059932408,507.95100063375025,494707.65241221746,803.1977076384708,5749.15346447075,9502.018912715987,17277.265317698304,16458.45931748487,0,1,0,1,293.47866876511785,314.30985712425945,33454,27340,3515.5392533030627,46328.13708222252
80,239032.0314970727,14.929029997449511,18.40043313636079,5252.057382583452,10085.049264417597,521.2450121081401,399.77438335777515,75405.77243199544,314.6911809203502,0.0,11789.191964105581,19794.58745426339,19893.31052316117,0,1,0,0,402.07443714522213,439.2855173926308,42042,23532,0.0,0.0
80,0.0,50.939103665970705,3.353988448331819,19621.712742739604,905.3688335433403,436.0146749982215,469.8487746514336,624640.1462090532,3242.1225098647674,6297.762109581089,6905.693002953376,0.0,36386.87857607929,0,0,0,0,559.7634635157435,585.9503889847646,30801,17242,8964.818804884337,81016.66921457273
443,438321.2398545478,13.320081592506009,15.625329317246932,8716.865301227394,7150.359493329129,419.4610462958577,561.8868760444622,56880.779924222916,59.7020858047172,22896.239453465856,14671.240372301123,27591.399051203738,34420.41656545535,0,0,0,0,380.7524353061974,415.9877386079172,37612,29883,45738.47864463092,115891.06327025825
80,1183895.357673097,3.2455430117949593,12.293993610008641,1748.403600863273,2597.5450218269525,390.643018687716,528.6934965878003,29688.777307401524,0.0,20786.672054702984,5456.7879993825245,19519.397593267604,39868.81553925309,0,0,0,1,462.649333551722,474.981646139366,41524,5862,45306.115298838544,21524.218926305264
21,221565.26803704974,9.948932087758136,14.664198593653893,5245.10768930758,5460.878728172376,650.4349971004899,418.06798016283614,122208.25214209463,298.67695337796994,11736.26240493407,8196.341800826573,9137.156144192408,39581.61094675834,0,0,0,0,458.2630005514223,486.57005129324455,63655,27475,29692.344414401538,18733.775899968616
80,710574.5813201738,12.175078546274882,17.768465329458575,1815.9953020934572,8548.902514403015,238.70123876911936,487.46141681438894,70165.81710761144,72.5686195641058,3309.785404422433,13795.708856490979,28046.018006869104,27004.029487457723,0,0,0,1,433.19714296796894,456.5330543982462,50050,55900,50642.736285680505,125027.09213778275
443,40375.60144097799,65.89044818328958,3.636000948226073,28549.23544281274,1866.867826824261,496.4158514495577,451.7689521275968,1009085.8196597752,2121.3176491621766,5884.846757887346,5685.317098132026,0.0,17592.107849483844,0,1,0,1,476.1090457415196,499.98674776766603,58084,24018,20692.73348134431,30686.37329235648
13809,3353.2519278145082,0.8070278608104249,1.548681329278203,415.093353567681,642.4499836760178,676.1649622568831,337.8674791853268,15775.845423573153,344.89716025601837,4998.306539755995,8897.221073540542,7077.855013155412,26401.498514132923,1,1,1,1,306.8592851217401,313.96449430412764,59198,29235,12319.208235181808,0.0
123,584492.9117269138,21.48754113041253,9.943945720924884,6017.515761190552,3031.5813161116857,533.9074541507007,583.4427014187664,33400.98050048189,24.924773291158125,24774.83088761874,11437.61321569602,23886.59456113651,28800.541388077596,0,0,0,1,270.46695770778075,300.04345816670127,54440,38755,49891.74821003062,89409.7749788223
80,258602.88919740834,23.6205909221132,21.875230087738434,9613.256490092275,13049.35037325613,385.08669237260983,432.3024879756577,57840.39549040179,206.87850695582583,17040.659720186464,4571.970957339107,9596.208071563055,29176.004515682867,0,0,0,0,496.1946926335756,512.1995148118842,30975,48438,36562.596681693096,23504.791617275652
80,118609.53209952632,28.286003420672834,14.69761335556866,14269.106948141354,8729.413072433734,525.2823410458631,563.8032928374369,985379.6390214156,0.0,11180.446483499678,4481.267120120262,9904.323796421784,23261.841287663578,1,1,0,1,390.1549236038477,416.61621692116574,20467,24111,9427.426510347861,27109.875762161235
443,33041.980857452734,62.32532942850757,14.912663665426466,46051.63137419264,1713.9575055969128,395.34755081924266,353.17175625164646,1802723.8714246727,3162.291984062893,2805.0596578160107,11661.907444014472,2287.0580243865224,35882.6970914461,0,1,0,1,568.5457127748007,589.6987937786677,38935,11103,0.0,18846.77049499532
443,520535.98294549953,29.137350643196847,3.7900580130114374,12466.390008703245,1891.5827153371276,490.57654099370365,461.5936887087091,71995.5633896239,109.83270076549502,27152.778249397143,9223.516156220958,28082.703093218155,32625.61504931779,0,0,0,1,301.51800015586576,328.5749111839223,44726,23728,25159.961868375434,91355.91136298855
8080,1198178.1017183969,13.700375320133604,12.734042861593204,2969.7561383612233,3189.229625154307,460.9493523295901,386.78427360343255,66588.69079880131,95.73050782340279,28916.131207793944,538.0208956957467,15228.785501022474,35616.300308269696,0,0,0,1,173.55902590164285,196.226709339586,38742,29844,48236.231323123386,110576.89224663349
53,66387.00966693851,10.333778653461732,9.778640196629812,422.26233106795235,4798.365614309321,523.6773024626311,491.0112546108703,62256.594481034015,76.05847696197465,17611.768752180644,9191.239391670362,32617.622098258995,36940.463287844395,0,0,0,1,343.27316318357157,361.3842162883607,47588,51792,55956.24022435643,82165.76111189311
41919,9126.26786182986,3.0234499243209516,0.0,1053.8994005545587,0.0,219.38479987444947,317.4428782893117,17257.076423027724,119.35623659714236,1845.7782724430535,6847.682336171394,14474.936099002756,45421.80996249767,0,1,1,1,557.1884598459453,576.7306255431822,33770,14612,10170.435415295764,46929.34543790654
80,272193.6374703771,14.357913576218332,12.495110188920313,6169.126838696126,5813.037622079152,288.3602699663602,320.3234654456078,108737.85240125589,204.09071951202048,14682.00846236026,7492.842289232417,19074.63365162987,36578.92322614939,0,0,0,1,236.0462590701333,250.13656653803199,43614,48080,29966.534710471766,12110.60686905627
8080,54946.823983412214,91.75551875951051,7.318666964431362,52048.57379351798,3648.8290381031293,273.66713675963763,459.8353815943633,1817674.4935895358,1806.0778591063092,11044.426164397511,14029.83373770865,0.0,28182.331888040546,1,0,0,0,358.65566401266574,363.30448569310954,19073,43956,11514.735108621198,24648.17476490568
43287,48636.72535970301,4.191324266113119,5.795689394420766,3247.5682623855337,2617.291324296117,708.8215638611199,396.95536618084,25825.728746531946,966.1339600800156,0.0,1974.792519564793,4395.299468626048,18658.916168160773,0,1,0,0,433.37888635306626,444.5461401941572,6200,17002,4785.478766704129,28919.828710094233
80,862057.3943127408,18.125428875623413,9.496525474949419,11005.576462657638,3943.091934976446,505.01720431087597,475.97511035948213,220294.39771266372,349.63786041203093,330.41861342276843,11824.45226504383,0.0,25186.652243546505,0,0,0,1,577.0061342072171,596.8640037088267,63284,58266,16627.99592780985,76894.51817287818
80,35938.891295488924,42.36266188821239,25.84657983421681,25627.44224464477,11322.148005384563,476.0214007789957,516.7984100501038,4071.413079149206,259.3636465032838,3610.3907197088038,0.0,0.0,35847.45363955859,0,0,0,1,538.7375556485035,562.0262208320797,58993,33647,1223.9594759895444,44544.970968285415
80,114541.76454503223,32.251628260535696,18.782777872126086,11442.095757829473,9745.946595653431,644.9156807308773,572.4981672550194,56942.32655177089,102.20122184990029,33.09005579881796,5722.659399334592,0.0,26458.84791470511,1,0,0,0,306.4653735017316,325.1282322771251,9624,52089,0.0,6441.409393911821
53,839820.3166423863,5.556373205340929,44.682695653909676,2597.2835686715644,17015.81286786341,664.4840877946134,122.47998194905603,0.0,313.94413598992,1647.3689415582248,8103.952931574653,15504.163041962853,34672.05894410549,0,0,0,0,338.5391358193251,363.6704012217803,51233,59506,22373.411185681056,19421.85459291844
443,987269.5713698745,12.851418826894689,19.34285485889027,3939.526979417821,5731.641947935487,304.16544217683304,451.5622405149703,93499.07251623253,83.2249966158859,23453.129319547053,379.4825341885844,36133.79076803509,34100.861996066495,1,0,0,1,234.17665705803878,238.27812611098798,18760,41388,57550.380931385254,67883.78204732573
53,557537.8729100304,15.128763057297114,18.311935569256494,4218.514993156914,5366.470243771328,177.09864321519242,239.03540703030487,8736.77964338378,77.87214531058412,23664.434424288032,6560.630261210188,19507.42372774634,26603.307457228766,0,0,0,1,455.71304763598204,476.5511909069824,19994,62669,42496.67420259466,57755.423699225896
8080,145779.24213441618,12.634446830249043,16.073054541179474,6145.598494780141,4599.62718761962,404.31168149084783,206.7028038752962,0.0,114.45420473338626,21872.360060222192,9272.124244961422,21297.163484208766,35011.226562159645,0,0,0,1,410.04225226693757,446.81650055342135,37315,59683,31940.356702398156,88407.28833253037
80,37370.213798238095,103.97104910293135,3.4891607309484565,35402.34182290309,1341.7367826246575,640.9647686253124,528.6486395641338,2707988.0143917976,2386.9583036205067,0.0,0.0,15623.010586699844,29379.440583717256,1,0,0,1,667.7526980177296,702.1872919163551,41759,435,6893.458017832509,29927.82985173095
80,1096105.460888707,43.846188155378194,18.352585657996183,20610.270683730047,5290.452847498298,460.4808881068773,248.737653537824,99992.39952733245,198.13567363842537,1946.5908296526004,3841.812636554967,17219.800659645607,12177.607096916017,0,0,0,0,436.2438703035552,460.3203119070296,14039,28751,0.0,39912.825612827786
44901,18312.611428654778,1.7064963664372494,1.7085601144803406,1330.4934875286283,569.331163948186,556.9583558369155,533.9766021224641,0.0,641.9119921856114,17200.193097039046,2898.186373774055,13444.487892911293,28111.695659177974,1,1,0,1,259.10497382226293,282.93797695290385,1469,42747,35247.68167485685,25981.022706100666
8080,642235.5402757926,13.272280841669371,15.698639664056714,6888.991466592866,5968.833127068669,191.11073942812118,315.9623406818131,111838.57516114293,87.34323592151665,26307.359989632903,7448.7076968149595,29489.32337849449,20550.145808049616,0,1,0,1,451.1267558712495,469.07729500172354,42384,34642,96541.8125378929,69145.9435653905
123,549092.1936532639,12.039459427253078,12.596741399516054,5675.712691040493,4144.219883947101,470.5527946350897,471.1145834816741,46797.057478887284,68.20192378424262,24023.8767985886,3492.9026691308027,8462.680060271206,24194.69076149427,0,0,0,1,672.7404477121092,683.4169489370543,25644,19661,65641.28507795752,100744.30911760262
53,0.0,35.88108856852619,12.783553071251834,13886.784582563398,7630.025749668729,550.3423034083775,502.6221804148113,95752.71707333272,239.65541650217034,2130.920995850004,10611.795493160475,869.805956164998,39403.075954731685,1,0,0,0,591.8649033194017,603.9745207613912,61751,32832,20841.391497709796,50285.57256027277
443,541400.849736548,10.356450698642798,14.96454036149491,3724.689503298244,3376.054379097499,244.80575319931205,373.69662535715054,9154.129025737653,104.25715068224473,35307.562880060614,11401.424828549305,19277.048649049935,0.0,0,0,0,1,503.10767661443634,532.3670413667007,63911,9101,30688.826587369575,68295.74635353987
443,564248.775851302,20.253921824382537,13.429175072167663,7718.400374674905,4852.284909897027,319.8136927648426,534.435733831568,110291.15604537635,58.562769378756485,4650.6230020949115,11046.49458233952,21913.924277953338,18594.362274575404,0,0,0,0,472.82236387838964,505.0362655625818,10820,18753,38418.68112922518,99636.38697775776
443,246363.54784734652,5.302117427293172,12.918368425403772,2061.8690361023946,4745.730053277455,559.9729722442922,544.7160512147316,115621.85014757389,45.49644183854014,38404.877604238834,2512.7984471542804,29976.103918499855,19947.59564356342,0,0,0,1,98.48659647730898,108.94130165766961,25068,53056,14317.089451753094,106292.74607301867
53,931859.7480049472,21.761291787247842,10.226626459234845,5631.326478561911,3629.296310624829,387.17056964960125,406.11806442187645,23637.38756648854,73.18600340160401,14336.368499667513,13190.733789720336,16669.648275909258,35253.47628020618,0,0,0,1,284.67221467663876,300.60597186157906,7993,40007,20469.240273920946,107881.92439219425
443,603454.1105757575,9.485494097910065,4.956308452301407,1273.8847940577264,1752.602432292151,430.4866850735508,517.0441323868588,134973.8547952057,93.69186578433624,9170.940598431816,9086.731954185954,11852.769563277492,35094.127483479504,0,0,0,1,300.47559477942673,325.52895856499816,37013,44641,42259.565671430166,83573.1386959794
443,227395.9725330779,5.315438120675976,8.042719498771707,1823.8864075666913,3782.3641854275434,386.8344907392254,423.76658885802334,81338.860504557,35.137254041014636,26040.462298373703,17607.294482163183,23191.16997854116,47664.6685885187,0,0,0,0,517.4760672903232,536.2195031639327,15606,3753,67151.13024117005,73993.80630244019
80,0.0,18.71480401310673,3.96918403729795,8016.52189866511,1496.3546562016165,380.7378497970774,482.47456840941,21804.615547700523,48.065487540349224,21864.085070972644,13760.523914511834,26621.903993880696,38936.530833200166,1,1,0,1,261.4672973774393,299.3408324356115,39013,11985,47555.292442940845,95206.00931413003
53,402804.6501454601,30.56866079373292,4.731949347574364,9192.228652755395,2390.3537052526162,168.56139881501383,224.45893856236918,0.0,125.59736857620382,19224.093383590967,14266.040171301851,30038.245719475537,10775.766891507941,0,0,1,1,321.63428046157617,353.58264195558314,4890,54951,38271.72800138195,153595.16482609865
443,652793.6567420771,7.551460216387481,5.673879108375759,916.117863662106,2152.714167803723,409.0768478713684,303.9028469987147,46851.89499456101,90.76383701374942,26893.1050546391,8531.103723258699,17122.283638489058,28666.588505862554,1,0,0,1,287.794408246789,325.251858190694,48024,37080,32061.474748930053,102221.95022574023
80,1022749.4366979129,46.642607241601354,36.055995647090384,25718.797167308087,14480.701478932344,452.0610884267163,572.2777049276574,170486.19291046358,0.0,0.0,11751.596318790747,13113.371505696983,26131.250723243927,1,0,0,1,457.6341554107944,464.87915481570303,56877,36015,0.0,33386.58246952551
443,496223.9976446606,8.176156117087078,7.31571911872976,3763.0013559467397,1903.7066853156805,340.95179674313204,512.2030069375587,29113.676443643802,127.8534185154557,13767.56158874978,2948.5801207090717,45512.84633545662,41148.71793193782,0,0,0,0,531.1388434946884,564.4836139651094,47578,64716,50197.74811334872,66846.3171347009
123,468483.1038568428,10.996798688198133,11.900035713221465,3571.7642771689957,4426.3786404055445,367.29981836693116,355.6665966630112,76885.54356072968,86.99410587067682,17189.28751975242,5841.492722586192,19361.24715636434,37154.23467136387,0,0,0,1,334.68027625206753,362.8229049424427,23623,39563,49302.57598975743,71929.01315915016
443,154239.41474420708,48.97915370172931,0.0976982181403736,30666.617905932104,37.07651347043937,411.33483368842144,380.9768260560046,1859391.5175392046,3161.366238782452,9155.36834458314,15386.44042439849,4166.924857752598,46017.752280565626,0,1,0,0,433.7005259714178,433.7005259714178,1773,5759,35216.44690782846,5869.595230331484
80,0.0,93.53773808968931,11.399419037070267,43101.563120800616,3694.107415319936,234.87183266137117,750.816516321687,1105073.9933099388,2199.985631525015,6031.189491999746,12783.315010581871,16017.4612459469,18540.77778521937,0,1,0,0,709.4457064538695,738.2365232970783,48278,316,28813.603933600563,44220.349510390326
443,161376.86097852007,4.674709280754298,8.991873655367698,1426.5401420510657,4423.7128150925255,399.38132989977635,272.9785293714543,65366.79133924852,68.02429137784306,26853.641735920864,8987.290024982805,21656.551111640612,13421.852300717223,0,0,0,1,317.3925458315761,346.2377294392191,19322,31168,65523.31827706714,126092.72931057439
443,127915.28125872993,1.489482469424603,31.27504050971336,962.6016590236012,18046.325996342035,430.1444731809832,505.86595412797317,101206.62033941573,26.319296811395255,28325.076416380936,7313.025449055873,27655.7619557172,30608.92871102164,0,0,0,1,9.701080493348684,27.58834680354341,60211,31429,50346.86516426818,90474.80406861371
8080,156229.19041914353,16.547844857927828,7.681556510358998,9847.001239896319,3605.4672705095127,378.1232816646393,311.1159333935087,2354043.5365472473,1371.5310595192639,0.0,14761.267949403302,16550.890843248835,17521.118682346383,1,0,0,0,373.24834021937806,391.1120327203705,28322,40917,22477.120607710127,36355.56493689015
8080,584442.643388012,9.52638021019424,21.980568315040784,3732.502546250022,4734.668728016184,614.0358366534027,430.2413549310868,134285.09411772422,108.55515196523672,24971.181950955164,25540.296625940584,8014.915270044821,37835.84365744701,0,0,0,1,250.1920813691145,255.93028091668327,18361,30190,36596.40021666087,89110.42142033763
6667,0.0,51.299485142915174,13.58678736298782,25746.715093212493,3077.418028944685,648.3826073976081,308.5823905629606,412226.144312546,0.0,0.0,8487.149601963749,11079.012931087764,56282.915758293544,0,0,0,0,309.93961755301837,329.25037371434496,40578,33508,1241.6556208191305,56845.69628153892
53,508614.2747816396,26.128200996396195,6.21239273588296,8914.8720755574,1226.7890824061249,478.065854169101,174.9929373610043,76117.91439657414,0.0,25369.760712173713,16961.902240539574,35298.47461877718,25576.074148415024,1,0,0,0,403.16987226877194,406.56256387722976,57427,24379,54589.569912153245,57437.82872120653
80,203657.47246033815,60.16445994526584,7.00339901422768,25322.76636746148,1845.3231345606373,406.8272353139342,575.9355882330176,1677096.901975621,2768.0067640842317,2968.8940062375623,0.0,13185.545608900178,26673.79655319046,1,1,0,0,394.9980262502547,414.5474662885611,35872,60233,0.0,0.0
80,112562.84846111684,18.512803473657907,22.689071543749584,3082.9344398684925,7791.639099966322,519.5118362351416,439.2955546449016,9711.519362384133,91.10732234528575,9984.543088625487,6470.7154026878525,8924.853352755055,33229.89303681629,0,1,0,0,519.072877582141,551.3750059416548,27176,4338,12172.292042804978,24225.01852996002
277,2075.570479980466,3.4021399785180066,2.6949431139684035,1721.20857519021,1008.6186210789664,528.8089944517698,431.2766959426073,0.0,347.77933233925546,9033.752414363686,6476.4606602011645,0.0,35979.669102908265,0,0,1,1,285.11571279851074,292.8602422252648,14168,33108,35446.98518811822,25854.589769278533
22,330666.62581793754,25.512600667889764,22.41017035420734,3448.3792720690003,11206.824294913828,558.1737075749161,152.94660820063848,41559.0419335154,8.53785947027076,25442.003769183368,2166.0143370274536,55616.27132259635,25751.28918118227,0,0,0,1,361.9754467784431,380.2766089798658,62015,3595,67620.58382952855,129742.23018195768
80,382329.8936794187,11.686684812715102,3.2167676518007937,5111.470830560385,1948.264431150155,309.6758056747864,316.7379860875732,25703.302145937836,72.98997599892284,9900.815804275428,4125.715987302539,26927.296432061834,34938.16115620598,0,0,0,1,334.73407824100104,383.8450959686704,23076,20090,35448.54295236309,48673.32114646172
22,101152.6464640145,17.85765437743284,22.402439251689536,11832.07411620581,12375.649255041544,644.3718211676967,263.32556971432234,133983.58832515636,199.21175222692722,6873.9830239869325,9736.819673431879,7681.795612748144,34134.60828721075,1,0,0,1,657.5595342270881,678.1955150942056,7859,53179,0.0,51695.580372417746
65165,7576.394364508731,4.4118227698765065,4.211030510391007,1769.599747275121,2279.3004836622667,564.7529662157475,420.0657599800722,32035.76881110532,453.7643618337672,6435.618322190844,7223.635021653971,22461.782694061025,19124.305310297448,0,0,0,0,769.9785331485008,782.5522431479155,11236,13052,24711.057296872707,63267.862336824925
53,6857.110466271755,14.944078025032988,0.0,5763.027324624309,0.0,307.9726414988886,434.05425383879884,26083.92776900786,92.10045681515459,29354.275396683566,7291.368019696931,28225.172949339758,12238.519265349496,0,0,0,0,504.02313514042504,533.6350827705548,45488,48698,28317.572739339972,83385.85485437635
80,554460.9047834456,6.640159111410428,7.60653528352548,1841.9254286730363,4545.163366337141,516.7731330756284,342.47303079529075,0.0,66.6272750526768,24460.604126875503,16760.686711494014,32694.7166386432,27253.581523154662,0,0,0,1,381.3879832144955,404.6875754774697,43169,46355,47030.25622469659,81350.41770907292
80,0.0,0.0,15.387587375657306,0.0,6104.8882451193695,350.1610724054054,209.27821285525664,26768.786800256254,106.14275800833339,26357.019449004685,4220.166646602293,22284.358586244474,43595.06252082127,0,1,0,1,224.12171114972722,253.02740774070168,2378,34977,34413.931601156946,93107.57844424537
80,571076.4210843309,12.432771400056192,17.23771739980059,5499.0103306046085,6876.532658083636,288.39095377072925,519.4852196303937,0.0,80.93940001117483,21553.01590839877,16169.855187615354,36682.2181518576,43148.686207850566,0,0,0,1,476.9678043722011,519.6587771764187,44074,52537,53024.67637382208,86197.36296270606
80,38084.80212940747,24.043261683893135,25.73016276634553,10666.946819093031,9823.008597925209,266.2185545430328,633.3199494677826,0.0,107.82621202060166,32617.595352281216,10136.432002772563,43490.84882411519,14957.490500553395,0,0,0,1,184.70456826517332,205.8252762018188,59181,32610,46988.26506150291,112074.47657011657
443,466861.69592674554,11.586553790953232,10.243078255881471,2236.0843419956577,817.8220541560229,590.4815932071383,438.20637003449,58240.77080916198,97.40616428068137,20989.80151381135,2474.3025313047456,22087.886530195647,32838.19967310539,1,0,0,1,371.22134403179786,408.8497532673364,15191,40487,31083.060880309014,103340.22783874889
443,1486213.9206732544,7.676890770542211,7.607019780849139,4899.831880412602,4795.308016892809,289.5360322185911,613.2361449166934,114555.46297416229,23.443411301129856,21357.77278936847,6622.564936847062,14058.00802068277,32031.46514199409,0,0,0,1,477.51489162280944,482.30757826388395,60990,49990,33656.241222764096,77734.68279250791
49997,15292.395238681962,3.279593219258774,2.58193353277447,1253.0172935150808,1227.5585627415528,575.9012137614467,351.1668182217132,13070.443224146262,633.8389916253702,13264.347500651995,8969.143428190002,4261.659038971047,25471.599385317866,0,1,1,0,463.0172515727218,486.2567666390207,24028,19864,0.0,0.0
443,778546.2243937792,0.0,13.89195697064775,0.0,7878.196652797961,183.43395631692925,427.6156333291294,30605.25972693936,75.10314709813757,15206.58652293599,10591.828530352937,23524.55862991579,19665.61387083785,0,0,0,0,623.2608274853558,623.2608274853558,4103,14818,51099.270985742245,55604.35776521611
443,177918.90447122976,23.174814041200364,11.16398252471278,10683.780625648335,4024.3823497031844,445.0702541807641,415.00052265867146,52866.89772816052,4.849537360826417,17564.639094692335,0.0,25327.539755172067,36457.300470644615,0,0,0,1,446.8090764723322,460.6577259547496,55042,16815,37193.98398835937,98441.35474589153
41914,0.0,4.354601203831287,2.5901679098863313,2538.9674275710468,1310.9983142369385,446.4313419544252,372.9425145159673,31832.30902627478,458.9187607627522,2291.0475122730877,6628.005591434347,19299.08922433506,14070.694215177771,1,1,1,1,326.0488997689204,346.8442025966675,12482,45430,0.0,0.0
80,160646.1444947218,66.64545141916409,9.772962380008705,39637.31103070847,3555.4212437056062,319.6792598267209,435.54480570879855,1742586.5157541744,939.4693719222767,0.0,7236.39832533232,7451.953567814575,14222.1951031297,0,1,0,1,358.11548333887805,372.7186264381284,65393,28297,9570.85785204829,0.0
443,183671.0135780357,27.551554924058102,9.311655300786912,16001.059235154717,1286.3024667417098,560.87566261904,533.8243229100734,1271700.931606703,2054.6711212020036,2211.6618964064114,4496.763585211076,4950.497129763604,25735.628250663933,0,1,0,1,451.6482481619779,487.7808080301219,21945,51634,5344.845046712642,5181.587443874094
22,903643.067436576,15.552139595951928,19.90557336189847,4139.3651865110505,3568.0520284777895,401.5155059244036,427.41050182221613,49663.981781275055,83.10478739169189,29356.790179089,6247.536972433265,18555.749851827448,24205.238983242532,0,0,0,1,758.9292923080855,789.0050566753996,53017,53979,62550.672325519074,78894.43917726418
80,169460.9556361623,48.70766905917211,1.1727014120840629,42518.37405969736,251.1049836643153,547.9776109383488,190.78487930622202,857110.7779768965,551.8535305282805,15642.310759414631,8842.886424682825,3538.430106179956,35744.85802133135,0,0,0,0,447.67106541368605,447.67106541368605,53963,32757,7474.898745311273,0.0
53,788029.4424783105,10.77691234259492,18.37875560688692,2207.770389731127,3706.8583945674172,399.6487820953201,453.7048197852274,115999.83143627126,45.121533294714844,21284.53507854224,6932.99423849808,29702.355043506137,32608.328284865976,0,0,0,1,401.3508981085671,425.73588782601615,5744,10391,43200.60483767425,83210.51066211986
80,408585.87741553993,4.870278035513419,17.01525643017286,1740.397723724016,9888.935765847913,483.0158850947582,516.9737326673807,94933.41250849166,125.00049977900352,9829.662297138488,2640.2144656322744,5466.757902348774,28484.6813995678,0,0,0,1,551.8063921809999,569.7813143746157,47274,17661,73088.38505820693,90599.17260223837
53,1077500.7268186463,1.3622504224446033,10.551902488339264,685.8746678695502,4267.494420029685,362.01960968638633,235.69786322805805,68182.0971234502,127.19149842820046,21332.202307158517,17347.35897814483,20512.869651514033,28659.109111014335,0,0,0,1,454.167318505372,475.53529794394206,1047,27204,27397.235092806444,98958.78268677962
443,103671.12825429277,90.90114161775838,10.931818787697493,63092.982372596074,4990.562868264977,487.75074706488385,572.3028942404634,452500.7863570587,1543.4829500228034,4710.748269497586,9861.779133631382,0.0,34616.94014909463,0,1,0,0,345.0547840206782,371.1780343814497,12571,45313,22295.430254688163,46713.07077196476
80,143612.4130309296,83.62367868048696,6.8201319389759725,18068.121927307035,4818.857445270675,506.65926893007264,335.79559452046715,2043348.6144516729,2211.4530711518455,1361.2339979696317,2058.8721896384977,2948.9933384757283,34595.429507918685,1,1,0,0,540.6067908260402,553.6964928174016,7162,4859,23160.194059370686,36607.88044867137
443,696179.7884992969,12.970446091642376,12.005415964643191,4917.06769718754,4861.374573016755,264.3907230746913,137.49505599840694,84610.18081331822,91.95569781664037,24240.059862361068,8453.869167396058,22391.61453796637,18596.02421417558,0,0,0,1,224.8165964899398,251.4140890969275,65006,55284,14200.696935192715,111756.34036117072
80,254428.89038940932,24.284658828489277,14.445636984749338,8309.355720594414,4806.684946515919,396.77290821538224,485.2657644364824,1329325.3202989919,797.1093119840186,2753.8126244591135,10877.799713252456,15046.054930318682,38905.30736053406,0,1,0,0,334.8837661320649,350.62250041054176,43444,50389,32065.171151077207,0.0
80,85004.66576011301,0.0,3.5098100757455875,0.0,430.26310907511464,326.3689228430296,390.5811769576944,434788.5477087679,884.2800831608205,0.0,11002.811898067426,17630.135451085254,35121.07092771141,1,0,0,1,623.2353102248838,640.8875335839846,55065,45191,39376.27700549082,18186.070637196655
21,254855.51423020745,14.04796210566467,22.411337886572532,5442.408677478419,3861.65473337497,677.5551740711004,451.21074287358994,101140.96950422559,152.25955213550222,12001.334307940086,9455.16765704599,0.0,33089.827935926296,1,1,0,1,405.9393374875072,439.47819723297425,26200,23567,3112.6728469674526,40267.036897849175
80,435454.8298588032,23.913279987363477,11.924788007139137,10218.354381218645,9476.308800658984,316.9154605495438,755.9962503572939,95963.74026490204,21.83087829559372,14376.636480480463,0.0,31027.27851593535,18280.85499028296,0,0,0,1,493.3261128644214,525.826065064744,16832,60689,45657.607135515354,65756.15382551469
52668,31623.997878355498,5.211895848098683,0.0,3285.7665109214117,0.0,664.1574034221808,392.21117507458024,16794.27686536074,312.32752470281775,512.4139194254067,12400.409163415865,0.0,30236.577327742674,0,1,1,0,436.41632106974333,464.0340577030497,8489,26335,37132.701466935294,31508.945694236023
443,237427.28395931388,32.22753784179038,12.46061157487003,14284.546330027095,5284.953817284534,611.6806232027445,481.44560536952804,1300460.2607873224,1204.8270967844846,9734.363891692225,8353.018267572908,5308.549699464527,42881.191843289256,0,1,0,1,505.27829239547106,519.6233585849916,7068,13988,23058.64170167431,21265.364443084898
123,371573.63784808875,11.519237531284553,8.933156701511447,4734.730005425589,5483.967666858438,513.6661123964957,441.02277472446684,0.0,76.0542676935643,18748.847781332228,5627.833829725879,15492.97141354605,38054.57231547797,0,0,0,1,335.87681776334784,343.9417727352795,49294,37083,30061.385854818825,68475.70097507344
443,428400.42226806347,23.076259589577752,11.37858424435713,3562.2642345315676,5355.40000981856,363.5196748440266,219.9615578563898,76325.2033190284,50.51395080710534,23389.238726836906,9922.11710562265,39742.34941593039,36511.02485270738,0,0,0,1,189.23540855846016,206.90315774542975,33678,55285,42048.916339466814,70974.71240828422
443,117228.8599190978,8.443891975441826,11.137975974905517,1959.1795946421826,3645.001624261923,433.59727286153134,496.730417897134,57467.44919589641,66.22667678592865,25421.63667527821,14456.43523131173,6227.769235540549,37635.48489733284,0,0,0,1,356.2257398052446,381.95852962689673,43051,18002,64980.386961778575,65436.11346320699
443,416087.8887385847,4.829592754170649,4.988563377882983,2751.3558884074005,1496.4903784226333,493.94288327851746,233.80597128737867,29111.331768923053,50.555265820098604,32710.7003073237,8260.352287136748,37517.02396515729,43255.647823764535,0,0,0,1,504.3746798408176,524.410361946728,56558,59080,57562.94494689968,54326.71030257489
443,564507.1603438841,13.27942243353116,13.058100621753258,3942.65364740368,3042.7575367566214,550.8094916332168,327.1787664732016,42970.79717803531,56.75655340617885,9848.757216193944,5329.14136333076,31965.815237019506,40319.10758041378,0,0,0,0,509.7250391182587,527.5633804246888,10089,57922,46272.233427559426,112321.74536002873
1593,27131.21175957755,2.563027244044192,0.0,1270.4863976130184,0.0,234.6539172063127,685.6537017807663,13542.068525427347,432.40590343037206,14008.756007341564,5343.907445383529,0.0,39480.07153533205,0,1,0,1,700.0588167263454,721.3902026494284,18605,55710,28614.073697243344,31816.52058055325
443,0.0,33.95218253105526,16.196618930460332,7922.855253208745,9863.368818957208,211.62788067467952,447.0625438162042,547.0009679951545,99.01855566920092,17318.485853647067,8140.335532318794,29410.759701700164,23270.074851845646,0,0,0,1,418.6729355731569,419.7889797417019,58656,64046,37150.51022598376,122809.33800359354
123,380144.7851653245,20.456776925239698,25.894685096486484,8733.770334077866,14860.850991082028,191.07370308491724,612.7113030394391,77643.02720684648,74.74122743972657,10973.158633156207,14807.358050108358,40120.514847565115,19690.19320514325,0,0,0,1,303.67194041477427,311.77266240556986,51938,2331,25174.26870874105,70333.71621103071
443,383013.08338380465,17.130508803418767,6.753150602243233,0.0,4209.948835245077,317.6356382771608,532.2859482445457,87698.56481106661,67.97518409542627,9670.640986373832,5944.574968649357,27649.25207384333,25338.982802537404,0,0,0,1,250.26779785337538,260.8800618455932,10272,23910,88628.1038117132,88617.23227886127
80,164506.48895242976,36.09615084318878,6.087646326468205,29065.766474484044,2187.0904197840728,505.2054930991248,513.4201159630145,143403.67279650032,93.25189687684961,4656.1848395349925,11360.976433176464,12845.982844110484,24631.856267658124,0,0,0,0,584.6747007309299,594.5727393474891,33708,37162,37644.579784664864,0.0
8080,340546.26033150364,29.30559838995924,1.3623813522920614,14914.58986870539,440.81006919624036,503.73860897387635,148.16501579209864,88087.86746174478,149.4546436666519,10749.125463940178,5636.502299211525,9770.411538982791,40414.852842823144,1,0,0,0,289.94968437480543,304.2330913711006,32509,21799,7851.712526120727,16772.68557656749
443,214997.48916213962,29.68646361958763,22.09928044927299,11585.990366252152,11567.671499615855,536.3755781827339,390.9570615338641,83174.84921919493,335.2455438312354,0.0,16345.0183459414,10601.374727766544,24753.553280367014,0,1,0,1,417.2320672054028,444.6497873215395,59925,22486,31192.01262424148,50677.6431497938
6080,33255.4401283891,2.2510596325220105,2.687353340351963,1845.8740697396654,1277.098771134652,436.6967135297833,448.49499042726364,14217.943432787397,464.5969346802917,8401.993385534279,14111.017445128844,12297.09850436516,35241.59379988996,1,1,0,1,355.4507552388089,378.58867708903693,54973,61552,7221.276488721536,28286.826903307458
443,669872.5672312604,15.833462678273385,10.879440216453863,7519.59440311471,5304.726694141177,436.50241890766546,542.3385330636088,0.0,192.7030319715687,28364.210545216596,11854.433172549725,30340.6440102562,26518.292135744763,0,0,0,1,245.7734501025719,245.7734501025719,24842,37383,41922.903733846986,82876.32802636332
27714,49994.623839655615,4.247996828573956,0.0,2018.681523121555,0.0,433.4465441895444,329.6686477088947,14070.422719209433,648.0212377854364,2887.7810869742602,8064.234182399701,19903.700265945918,38652.408871668755,1,1,0,1,563.9495408649213,593.9644974684054,49571,30051,20238.84588098804,29675.086686897575
443,525703.7494024342,9.790354889646917,19.643233702262634,5461.326582041669,6419.368562079847,611.3600383678545,315.8285056693603,178333.3867743262,7.263131281698747,19909.702608258678,16402.670516764632,24500.32221400452,20914.099282395015,0,0,0,0,347.42657805530797,371.5155228613224,15303,15961,31421.39596248411,99803.5313908713
22,164976.81041397795,13.851007125772892,9.767800809799015,9501.135204942757,4264.785815423228,341.9247767396155,275.78775030916756,133692.06956684683,202.5887463899116,2665.283603291022,4940.679464916224,4525.473459329262,26597.372434445104,0,1,0,1,252.33129209806938,276.2354902295963,56000,45916,22652.99890059234,8651.844143300277
443,512325.17928423715,18.68111565968861,8.41488108947083,9172.04588614033,3990.2088567690657,365.3264787287484,429.8942548548368,37316.04107988838,89.45938124594129,21973.090229095804,12850.801123410007,21682.84151049194,22828.338528707958,0,0,0,1,419.44576993253196,444.30926470889705,55745,34276,17926.421182858612,105566.82478293359
22,157100.64303140354,31.135330289777748,15.110872588135198,20786.869955832197,4943.219411984113,704.6105641441836,414.4769928604033,138900.2366798394,325.37769493052735,1388.5475792784673,9736.61572785533,25457.740182862646,24439.963471878178,1,1,1,0,564.6151036679953,576.0790819179736,9533,15619,18664.25189583374,20906.26706528687
80,364364.201138138,19.001119487986404,13.251616304186816,10789.2534139184,5202.617292452751,329.5269361604141,430.68274905493024,186782.92443056696,178.69140681475835,0.0,4300.814397654862,16911.672562518874,34089.05113105172,1,0,0,1,436.58952138159435,466.41617310108904,36808,47670,25253.17033373913,47340.89207627979
46971,14770.988857383287,5.0194949369068125,0.6540203186335549,2806.9774277134043,264.7709556005025,682.2327348414706,501.82766767082603,10500.474534278615,1001.0321225680156,0.0,9775.004194188821,0.0,29538.65646981032,0,1,0,0,424.1498876515206,455.45280448691574,3485,38995,0.0,37158.69767559954
443,0.0,24.106790346182102,26.37216567060671,14273.389491696373,11400.632968608732,775.6891543009949,144.62783652444153,66140.60281014163,61.971527806097214,5173.38024539779,7600.908143372037,24612.602616744112,32609.674064553405,0,0,0,0,543.360072860485,554.6475436453419,8518,62677,19965.681745590446,0.0
80,175432.28365400282,8.247316168892304,15.16561524402139,4530.800911718788,6634.869760781818,283.96908832561314,522.3834274284958,75995.02738934291,39.434467012855436,10013.582053636024,8306.090783247857,29164.581942468565,41075.18785516534,0,0,0,0,229.10327473687738,241.939888818863,3330,13301,47289.615841215316,80333.20885745942
123,812478.84764415,15.102029538217035,0.0,5000.017677353308,0.0,320.93520460274203,370.6594843689464,0.0,73.9925518154181,23405.019446936505,11843.797108496505,39740.22893374364,21596.24524494777,0,0,0,1,457.3516145526553,457.3516145526553,12360,39390,8766.047290260176,75559.11023485764
443,387653.11665391264,39.89654371887619,23.211488704157656,20058.444951875586,5923.065136094967,460.87419575816165,430.453060951792,483844.5670553569,338.01391550069303,13524.77274494683,9149.939229735299,1411.4567578569058,41561.377323865105,0,0,0,1,400.4730952754886,423.29575224070487,2932,4828,25576.333727187906,19126.229344007086
58216,34309.35251698533,2.307308623533917,3.587302824127072,1280.1119848538767,1507.5300161849896,474.39778459641656,213.07949295945923,0.0,748.506505894231,16500.310546767218,8227.620270097086,4288.791445043573,18997.409381944184,0,1,0,0,505.38489263353426,535.6775079757433,40812,33535,42510.968639320534,14456.436699394953
22,385408.4281861308,26.70606773644917,12.780997428828924,20836.152520808184,3260.889177067926,311.7773317707848,498.0078237011752,76473.8257304403,61.57955819375958,13262.738548613463,16255.613347178809,5754.303356375214,31417.524284050138,1,0,0,0,438.4193858742519,460.3505899803586,59074,27387,49659.49941384665,22046.79889754518
80,5642.722558583686,73.9827635431586,10.775538796672915,22765.71211534828,5654.67559903292,596.5954266706526,174.54105288134534,597264.2947166918,636.3094695878735,0.0,5674.758627802023,11463.59654778946,26115.06069963158,0,1,0,0,528.500692897518,544.0137225952955,15172,56274,4130.14250566933,6183.072197473244
443,226408.30286356618,59.12281621828698,15.633576682338258,27773.88508323717,6639.2326781258225,541.9481986324923,382.711357958779,570610.691527358,887.1113920893695,13289.21950450807,5356.05682478822,27104.85948965353,29164.47036836205,1,0,0,0,519.4665499527257,532.7743439022821,11870,8649,40545.04446770913,64534.31892603627
80,361085.4883899143,66.28409932199541,2.2082018987398655,29230.96014941166,1552.5730178591052,681.644050487512,479.9522921110386,609618.7614666952,1098.4553446166897,10678.333596732355,6839.5338977190695,18146.908971076035,25236.16858163152,0,0,1,1,735.1102187876003,762.5647988310486,33695,32131,17766.10489589896,59178.807410768895
8080,99126.06453377641,53.94131228073131,6.527344639859346,36949.99434575924,2196.988369004953,412.384887821804,433.1565769220095,1629521.4566448224,2314.446999135654,14348.200413277067,14692.03960501698,8037.918157949899,35004.00363635566,0,1,0,0,226.78005921039258,252.4037727328432,15419,61358,22006.772913523877,0.0
80,305617.09447694203,26.011806075955597,23.848885794447114,11147.514699715917,9920.909027433163,508.326496499751,436.9099097713687,276953.3686714963,100.3976120970413,0.0,2714.9028145273624,18772.773321951237,37339.241822832475,1,0,0,1,528.4380254501004,541.9539768553077,41313,55924,6082.85670806897,31773.712016689926
443,598479.3913569896,14.107214865744309,8.125860405841852,11652.943321431692,4466.286636419473,275.6409158669736,489.4284317749634,24365.034392544163,95.8664996384735,30285.073487908303,6978.335755474173,20337.339890505766,1820.5555957349316,0,0,0,1,398.6754992206696,411.14684443315605,39158,39502,54412.54708499351,135603.80658924737
22,221393.58791629164,12.067892501141174,13.225233431335806,3810.6709539378985,5590.170101706112,565.1006461771427,412.1091381696124,80508.22780580346,145.5361747162635,14761.5582405083,10474.314605342906,0.0,34905.24255713144,0,0,0,0,530.1417554595603,555.8450167218907,65010,10720,0.0,10335.284674289429
9604,29354.361232918276,1.1640862263913911,0.0,660.366922273567,0.0,577.878623128662,359.524502679475,19872.229488869438,303.87701415253497,3001.0695574581077,8978.429019026693,8229.993064647811,32421.608552828056,1,1,0,0,482.61678472976075,490.9804997767563,47664,24397,6609.7276681496605,48162.3068140986
443,394194.61512561195,57.80320230442609,15.20234179577214,35976.27592108965,8151.698246845697,648.3306410162807,428.3436700772721,858459.7188487581,890.6100944652358,0.0,10741.857580072145,11919.031523492673,20804.37121035558,0,0,0,1,249.5260678077849,272.29986958613085,24261,37568,0.0,39662.74792919392
53,918891.4961500894,15.488648806063193,14.108626826490594,6224.623697468364,9891.038532789833,572.6008868694373,258.9155582055903,265233.1043940799,320.5358602727886,7682.854599183841,1053.75430559502,8779.457657964183,31672.295438220353,1,0,0,1,310.82500600734033,310.82500600734033,36980,55856,0.0,23723.61360592385
7091,64092.004481957156,5.497421585258611,2.766489243025126,1891.250702436913,532.4816810489575,617.1105620798525,445.4384853700408,19779.132639042582,35.665754278842655,5139.541707013953,7952.83200692121,12371.207055978752,18504.213358190784,0,1,0,1,535.5245272170753,570.692095785887,14234,16818,42964.02849965212,7656.2737432051945
80,81115.76066835446,102.2617118545966,3.568369730809631,62863.86323454356,591.8987750855351,435.36441658535307,447.7666049263393,1563229.9849084923,1974.8152088201198,11187.297115662197,22575.29086643763,0.0,36041.29223043292,0,1,0,0,480.16120319030483,490.42359420207833,9011,12855,28918.156947489813,25102.085527920397
80,132573.7059048728,5.81641180541348,13.09515254585674,1911.0750796303453,5035.196575225995,575.1780927594198,363.6298267982055,77381.23820847536,130.04880094126588,11983.85514567721,5460.638262426224,0.0,16150.565826508024,0,1,0,0,472.4055951765613,501.8211752384838,39721,46155,1900.1365358175735,63997.342226469555
443,191076.68630050975,13.488214850975483,9.977312565403695,4663.834629393218,2626.8446432085984,413.52876884488376,209.83803085320184,84480.34286719834,260.9928465975095,0.0,16396.777361093118,5474.267261611622,26737.80527344816,0,1,0,1,373.63387743146507,399.071564410721,26807,816,7399.146526521185,64973.30527888449
22,310859.86759456963,19.083274408146323,10.882295420242631,10611.11400480174,4644.677605883718,466.45156816368035,393.3897377266985,123241.94735487498,99.31291873751951,17044.216962743543,18326.902732847277,27177.924870156083,14571.139701403565,0,0,0,1,136.2510797559844,154.06760000151172,45246,46720,44586.10836224641,156956.80017593404
80,0.0,33.235321747351435,11.529486723465482,11962.186506269103,5550.224228305637,502.17284870552356,477.5060008517059,1051530.2312648592,782.4878923469021,5797.796431905074,2215.15892442958,4041.9712185336602,23112.5418654617,1,0,0,1,368.28004730691737,388.8511478313383,20862,61805,6479.079958636628,38880.46318980819
80,288714.59587279824,74.03989929871395,14.395415022574458,35681.06296086871,6362.613639865179,557.5443141387293,531.4420516843222,890631.072755104,1170.2135655139773,0.0,6163.255091058696,4714.03379680397,27800.744529532778,0,0,0,1,504.1691128910109,519.1648343611016,23872,63514,7916.424563159154,22631.213051612358
53,336842.13756327867,13.595543713162888,19.888903765967846,2734.766077077838,14604.880565374826,259.64846542561787,204.51013677212967,103309.8330115767,99.22012890214125,12772.711022717442,8726.285090078409,23426.11947727059,54015.29076175393,1,0,0,0,327.06963493671617,331.95902894996385,363,22565,35523.49642930477,82822.06307028691
443,174549.24840646636,119.74328814178168,4.906634146474177,69717.06735914829,2463.4921016362146,475.57829742512496,525.7252366867718,1094922.1377316667,3248.075338611166,3474.3551533695054,3726.6073949399943,3467.746586469808,19832.372400283202,0,1,0,1,518.5008860153298,557.5549397519894,19095,8569,20782.959883998607,33065.988609217326
443,656295.7453527038,15.16989645572406,11.948787071135367,2643.337671727999,7652.074718038714,318.81243113196035,308.4953767300653,8507.912060787596,99.89282434363727,29681.392779076254,19412.882600950106,25748.04803945011,31353.318539896376,0,0,0,1,343.919104498741,358.1659206054442,13258,24785,24222.945646613116,129493.44505643658
443,431972.32567346055,8.707004860289448,15.764517168111645,3429.8328593505203,6123.644126765507,313.9612453253007,535.6892701416172,71818.67365429625,153.20397942262264,26915.22480880722,7535.228386843437,33080.70424448103,33947.240297953584,1,0,0,1,447.864838947908,468.57462931541494,42577,36990,62280.53226859461,115920.70807063792
80,352769.8477895706,82.40472210924707,16.096456973821915,41633.824686127125,7811.373538722035,278.4317881521687,438.02611184026085,1294442.4200940216,397.5584806616314,2048.070657102047,2969.5665134603087,13909.393463368575,20568.307676154167,1,1,0,0,746.1078301129041,772.4499151910202,40605,35422,7550.000923680789,13460.048508618247
443,134472.21169200967,112.44538559229164,6.220556484949115,34085.52618951949,2201.9602119722726,571.306836366997,382.8687890105862,1162005.1778882318,2236.231048786455,0.0,6178.2160970086,0.0,30970.724206994622,0,1,0,0,413.70533157861996,428.9280043616028,24723,19713,17689.46986809986,52553.24658377792
80,258915.94364993472,61.41250240846469,2.9375830181812512,34730.38298468953,377.70526989878,704.2668845974144,330.6433545310124,629577.3272645464,1085.454115898464,3180.766093009297,20114.794169898916,14380.180501615654,8423.015874778153,0,1,0,0,324.5708952494984,351.27835281820313,24220,46370,16473.668105800272,35461.44997964006
80,824706.8090620486,11.771233817550364,8.651638280560475,5300.825531912072,4788.6661048635015,525.0980034567742,498.7471928976833,96586.09536295738,0.0,8681.074570105664,13412.48930327716,9197.966441445951,28322.119790250825,0,0,0,1,407.5339718880495,421.86170232251374,10195,256,88119.58531474415,71381.9911808439
443,892857.3678721505,38.74955288039935,16.553376523907126,17058.174048026547,8139.124825437622,527.9986702632199,469.99954215823294,283347.794876781,365.08983181076684,16246.757942481157,12111.032058146935,8369.432391104932,17041.293791995216,0,0,1,0,311.08407612748243,343.22360519200237,53044,18212,0.0,41735.719276523036
80,289040.47711650596,76.0011891898427,9.64231500513456,36228.97879139171,5488.668953088507,452.49906030641324,429.4987993131673,961088.2429456596,1300.933667883093,0.0,10397.727821624396,13874.95211994357,26046.61608398913,0,0,0,1,474.80632502290854,493.3094185915989,11306,43427,0.0,17483.7211344669
443,76231.9274407159,55.641879386685524,7.812909824501097,6365.681810875435,2323.591223553444,378.21232456881745,491.6289391757888,1996555.5132922218,2824.3402920341614,4023.9049676965733,6806.050968327708,8878.468050833633,34897.52666879395,0,0,1,0,446.6895865117024,475.8929572929144,61004,22216,16602.947348130565,27385.121157921476
443,55129.81506296243,28.304297965266528,9.666725591587456,9286.236811868483,2720.2354701261734,592.295244322403,283.5874069468557,1052533.7158750277,771.0422224944872,14512.729723579696,7942.027750872601,12295.888631079273,20730.7033980036,0,0,0,1,418.81870987284697,432.6144464864214,53144,20708,17700.50053231836,38391.905362550264
443,434053.05357907206,14.150600772648376,9.570347725193708,10151.537664814448,6269.081216658079,293.390052376222,246.53883599040236,116317.95530389514,0.05681368115273244,20016.1315766086,11793.71594466764,43136.41222967043,31163.259870691832,0,0,0,1,680.5069871379492,685.9909809360759,59257,23387,25956.632877959866,118981.83950776717
443,80018.0281345008,130.9556511792957,4.129962618778141,78963.34804496342,1631.1147985972937,490.8362631370419,489.7610188419317,1690746.2919340369,879.2198618945454,8906.762646780388,8580.38747376129,7004.993695255574,34430.60710710229,0,1,0,0,649.6049942083469,669.255131646184,36600,36940,20502.70513769225,59210.942767507986
80,162013.3323992307,18.50280400116996,29.589711725332265,5363.0821798142315,13138.114777151795,486.37941987380594,403.8062213622482,44122.829659016934,249.84042973152427,4554.035019201916,13008.688038424958,0.0,31671.46264282721,0,1,0,1,332.27158989734914,369.2267052177896,44132,17134,31362.05782868773,11854.385237617735
6720,42839.1611001185,3.5758799206437004,1.8342650364106092,1484.646184557467,1304.6609869609144,623.7285100070433,443.9255582898563,2663.444032811738,662.3254850942707,4308.0383343051835,14340.18880234034,5443.618251501197,48544.25360429828,0,0,0,0,631.4697930082414,660.947284792864,52118,4211,0.0,0.0
443,421531.91766020353,0.0,6.808082875207725,0.0,2985.892767019039,468.6759313682316,307.87418682963323,645503.7354766415,731.4727448682811,5908.494433150035,17334.370019927737,4140.519965783397,7017.742660842483,1,0,1,1,390.75301370296523,432.6351939549,61181,40135,18291.282610679667,16545.470661577638
53,546786.323702212,36.44356305258376,24.854829462507805,23116.942732914296,9220.42074006908,618.4209878400216,143.0951901918482,614976.164160386,445.8595870977116,3577.315807510823,9627.17785975014,3856.7974734479126,23223.137932153462,0,0,0,0,280.1149639188019,306.49925444620135,56163,7982,23689.940917055563,69978.61157096332
443,0.0,26.97539302364185,9.083308749267534,3472.170043831387,4019.0762813694696,465.60236682553125,420.68392992559956,15650.029343895883,123.62745648557437,19932.186783492372,10047.619759504227,6053.434404276999,41347.65754601228,0,1,0,1,486.2484422079269,520.267407851349,18587,59568,30272.611516246187,101278.09112430677
21,90484.41853957693,21.40636112226921,11.35369066811921,8417.212930927568,7788.373190983834,378.6714251916925,486.86681046953174,30668.4385667123,140.0480944118766,0.0,16682.7463044627,4567.305428902984,25315.075314604546,0,1,0,0,462.6506527691827,482.26469161793466,40286,50315,6233.431186536343,3062.5494094455134
53,306863.7293945756,8.078607165646183,11.854821011740786,1770.3674437292839,4308.282451254412,270.2654532393913,371.9589009816479,14285.421088385257,136.36936288181766,22909.001821603822,9211.546922187266,37769.60996763047,20796.329419097245,0,0,0,1,610.8507539941891,638.0658529280813,7746,30527,22854.9248866576,55507.60178685137
443,492162.29847541207,2.437640414150959,21.677128523126548,557.83056514772,16859.53757603876,387.0608226294352,281.3781019836483,60051.848261244275,50.55635968224398,23463.894442311906,11009.70950686,34124.45362354113,31170.487645762412,0,0,0,1,471.85326967846675,497.3992559571115,65531,41894,47576.96039867262,104240.82693352102
53,597753.4008048855,29.535420244094137,19.806156630793748,16677.818970035318,9119.789635558884,676.3022325560559,387.2089115807575,377817.9900114867,179.17321454500086,4845.861359091422,11477.56281716712,1335.1598702104566,14643.811819613578,0,0,0,0,585.8782078719852,614.5909917726559,44342,20084,0.0,41788.560092136235
80,504937.324859358,19.244022517036292,10.883748873672538,11055.136737611863,5706.703302234798,493.9935929863937,462.6390360822659,148064.26145647682,296.88141029924014,0.0,13861.207463506096,13896.123757757989,45297.45238613957,0,0,0,0,456.8825978112928,457.2151556886299,3003,41083,2057.969365362611,18432.717885063954
8080,307020.61718958773,21.349348686870172,31.43388329421321,12213.528275818077,19915.32444110017,522.9837977782645,662.8820561039942,154764.55446150876,270.4735339654566,779.6678824538249,11491.14142783565,0.0,34890.91838879697,0,0,0,0,441.2996798902167,457.9417282879726,32680,35008,29627.0010735342,23491.935299911078
53,587970.0798923312,0.0,20.33595730980663,0.0,9119.383693753656,218.27718249902298,366.76075655385773,3144.8902690002215,47.31034968978833,3205.9825073335087,12070.694043025484,43082.47011979632,34615.92878345015,0,0,0,1,359.5969515200191,378.6009751515447,53683,12352,41263.4081571681,96633.02427015649
21,136088.53273171047,23.088706887937054,24.376672689712777,13330.630277604385,23842.120603066207,439.5708491764891,513.3513268229469,133122.12209084505,194.4013634379687,0.0,1274.017433100883,2307.5186686223205,39101.36999125921,0,0,0,1,628.4540053488837,639.9938523576317,7987,52818,44588.90427326701,47762.366146266446
80,1398051.1105277217,33.6284785067216,22.41605208645256,6987.22278722947,8557.12779702488,526.331087204007,353.1877121236968,81117.87134995055,382.8522806592871,4866.270733809974,10459.624158417437,4914.972738401046,35294.75049901556,0,1,0,0,820.0818681899738,830.0727992940772,56985,1382,16054.012506477125,0.0
8080,158472.08952174213,37.02821174787987,7.181411987460349,23202.819277350907,2103.970133875015,562.3550990269543,418.6541117999962,2288453.947044243,1793.745806767612,1825.8068191772982,9925.10507227291,0.0,43248.21979675947,0,1,0,1,561.9636675093278,571.0148876116048,60523,8697,35194.90664406866,42946.37607755988
43418,48027.70270684791,5.721314705002596,1.5615486212165972,4473.549624379648,646.9613049696408,438.6128195860644,601.4530386876891,14804.36605978679,840.8171506232255,15374.077285907486,7278.2087971658275,2773.0487374358418,15329.478166087078,0,0,0,1,672.7573345891778,704.6270186333921,62020,55721,39422.843791150284,11764.917168651793
61156,3926.112180144177,1.756811278640515,3.2187280674467456,576.7666934639032,1234.9453234206721,482.43553428295473,353.90301283286965,18781.209498578806,269.7978766329847,0.0,11764.373083161852,12124.031254088415,24719.325986185813,0,0,0,0,528.6478446904991,547.1834626312165,5888,3622,18437.474845308065,37969.86684353682
8080,61129.41134496041,38.789059193284785,1.6698532105198396,22022.891276453458,1425.8029283308908,379.8170685100925,345.2040997970023,749661.599213098,1063.8454902642807,8400.833000492968,9553.965466359728,15053.571434632111,42049.393294234775,0,1,0,1,394.1005466278509,418.5757321161041,39213,37627,26578.93154478995,25145.111556391348
443,441317.4803055706,12.202145966293427,16.009359398932705,3433.2123828083627,5201.557835900343,504.096560841856,301.66519244387143,0.0,61.885801741986185,23908.5587426118,6612.087112397025,30117.52480588194,39409.57620153604,0,1,0,1,466.64250768985045,471.0077853068851,41650,19933,67071.12175943547,71906.96550989481
443,205414.07136163962,9.491350103168593,19.206007032447147,4996.037663894826,7003.5682280176325,344.78378673361584,287.99370704936973,0.0,30.79002294045295,29264.916790713607,20471.397872972157,34419.85558902126,29686.913212803218,0,0,0,1,390.74618997174514,416.31461631773675,30072,27874,18176.811827878853,132194.65019912942
80,154990.01040613462,11.575826626170816,10.743694640722136,4442.570494950762,4439.517484583573,433.6034804926822,472.7645857730125,1400551.1478979008,905.7977841461847,0.0,4049.2160775760976,2748.435644687166,27575.910526744636,1,0,0,0,284.73576375586526,304.02268116961403,14403,58382,13373.75711724384,28390.654390684274
443,769262.8466574026,15.417841162144892,4.544689410311085,5304.666137079408,1464.8420871568483,566.126932970154,640.6942491273367,86946.67751154944,24.52525195842057,24377.725586045137,5088.624595234292,30980.154125933175,32851.50950102732,1,0,0,0,267.50594388731355,288.69268754926395,12654,18117,38657.9635807313,54107.113914056696
443,416350.8299668248,12.990103941813882,7.168199751267342,6350.396979522493,1523.8708598687913,369.6319463051788,379.52244001687643,0.0,73.64783287730656,12096.11966020969,5592.192323190165,19673.43090433377,19633.426742810785,0,0,0,0,343.5443384495529,345.8468654877569,42588,13734,72755.2156865461,60126.980015991314
123,296101.575240977,28.782477691596835,2.1160519599484324,13918.000083215755,852.8067026329506,521.3864243828726,281.4464837732713,88532.93329619867,145.67791408967759,18265.637609046073,6071.763563201782,43217.18668734374,17996.127078538295,0,0,0,1,288.58673047526827,324.33347001005967,17073,53490,77087.67814733632,43114.9544753649
443,675715.1198138035,26.016921183956903,9.383381668309173,8775.493162991197,6112.6702972619705,340.55685124861037,451.15333898094434,52766.5552504154,0.0,15914.18402751453,8355.581248003045,31582.362487644554,17448.892672395807,0,0,0,1,289.840734594047,314.723627765421,2090,37889,36793.57020310355,81669.6355741048
53,745852.2143672137,14.17045992284089,16.460066907173406,6595.590071789325,8112.481856621423,479.08970265872506,519.4721813207939,12193.71276885095,106.36262032499084,27544.2158659614,866.1175368937884,24975.828419285015,31314.970157495278,0,0,0,1,494.434385687359,515.3091772144759,2716,7130,44591.612392751544,45506.234637179026
80,758416.0696197549,9.558192446638358,15.162105419364613,1774.8071850264134,10968.46753268155,222.1234628724647,325.5393742241474,73821.4649998298,134.46707094528128,23955.33215115878,10879.301079441198,24724.665239774935,15120.936250231265,0,0,0,0,396.9911681439913,414.76881192482693,12237,45771,49438.25263879653,89436.12501103462
443,520393.8563114278,14.728719734280219,9.151948398117062,6200.698173376007,2010.2110801938159,409.54710706817417,138.4451243618817,81901.49779519362,23.3891096034791,18231.133314526025,12535.865331675417,22854.984178260605,37387.77968463393,0,0,0,1,507.84753342320136,513.7465228740398,25812,61318,49802.18705989979,87951.00264388001
80,197318.39847169808,33.80018137449308,9.59254910666546,10996.736776299262,4677.73679706838,598.1666082317878,393.82099497914396,1042959.7867456301,993.2988027350995,7784.417864148714,8345.13832160763,14034.57528819021,27549.074749299347,1,0,0,0,409.8213657797838,447.80236362579683,6527,18302,23554.355368770888,39604.27967192856
39193,11987.582615705473,3.0650142795035533,2.0887460185690685,647.6621589727472,553.1903194212388,402.81236010160126,549.0090415137234,16623.87901123981,0.0,10149.454230570143,6665.720075117961,1641.5533876963773,12408.191027079738,0,1,0,1,377.9357378699343,396.2559940138336,1707,14015,26737.002469003386,5943.042325757066
80,0.0,96.43505404717521,4.602275112386916,77587.91050191983,1717.335906354602,555.4925462258585,400.4996196431628,2579126.45581842,2897.1354174707426,4760.213861595641,597.8407355445052,6160.850746556328,25862.695597232596,1,1,0,1,404.3117616494104,432.331677389716,21866,31099,28805.196233426803,19014.684977649442
80,121834.45098099153,54.56431663073438,6.357784809231273,35792.10166030436,3052.2539282309367,404.6656154163743,590.6616228031806,1042972.3575333504,1214.9614593347058,3350.378614593366,12749.21056093133,18013.586132467914,18225.232479086902,0,0,0,1,557.0224410666333,569.9522641256904,15076,14725,15405.567685765587,53496.40292776498
443,39258.14950284927,55.44241950846421,8.530760114441392,38686.12223533689,5242.82902778927,471.32594561720396,541.7059135996935,2327249.0753782326,1917.3514130773463,0.0,2954.6423832845303,9726.68894382318,26838.438839193135,0,1,0,0,70.26351725089944,92.41524281371508,27585,44595,35986.87969276127,0.0
6427,5066.15256912171,4.692943706542831,2.863176415616339,1928.3718187006584,1627.9337083200396,408.3337496070189,525.2338860762236,16590.476532814628,837.8197110847618,0.0,3620.8970990035214,9946.429500590708,37409.461978764724,1,1,0,1,703.955875643024,710.4218902935593,21250,39198,29660.04224947527,16489.769859348817
443,189776.34715645213,52.73587224886565,9.089666830366133,21096.845362160504,4325.654321829055,584.2796282281365,527.3991564983095,2090489.0261381827,612.7059895558591,0.0,6882.9005296775795,12174.270525166203,27978.51389135965,0,1,0,1,506.90022243149775,536.8589746254717,51485,54451,23586.77734399409,19480.11053123927
80,644272.2309185057,3.3608718204753494,19.410067376140645,2096.0526493899574,11182.343553290471,352.2284751985184,484.51393316278586,50615.278459164096,98.59394497,24344.89465459309,8751.68842813362,23943.70466353114,12753.35272737431,0,1,0,1,578.4259786952889,605.0226206172958,59135,7557,23823.46649538789,123263.51576301895
8080,0.0,2.812864714479984,0.4443491609349195,1214.1833762883325,250.70330399850823,306.1973229504156,412.0201801230175,56362.623902503445,116.65412988336581,33461.29337164438,15249.116988164298,18750.169159551657,21531.44158422615,0,0,0,1,636.5551671606801,636.5551671606801,44347,26895,58145.56418962407,86529.0503144185
443,224934.27892736025,13.352908370438946,13.618569465061645,6238.963166931449,4518.65180781418,444.3541305404304,321.820090916552,76676.04956335356,75.02579191535122,17369.14412644331,4105.932909851502,32961.51044228815,46079.040143487204,0,1,0,1,327.6116642664937,340.85710851159786,20571,17975,64390.829052744055,61847.28469854825
80,0.0,76.43033197429725,8.17191654023032,38941.79163454638,6057.048199507434,468.9172900698645,243.5796315150818,1045910.9185335481,1319.9962639541343,0.0,5141.283473327394,15878.043165832563,8696.277123393924,0,0,0,1,510.96894658554436,523.3493669061695,22532,49885,34596.731774233835,22742.274694697557
80,38345.38022097945,12.206185394643782,20.53574477141594,6842.32957789506,6607.271830052697,557.7479844428447,536.3870877583001,911652.5845763346,665.48461372426,10351.22183818423,7456.524058513244,8025.808703907143,32429.850779700653,0,1,0,0,295.17082036485294,311.3978174873718,28319,45866,0.0,55117.39627012411
80,943290.5130701072,20.244328875972002,1.0638755915308753,6097.468397439773,211.81489255168975,440.1845349862449,185.7215826482769,39585.39379771817,118.76259764327656,14432.743414710541,14567.063480678655,20474.265548575117,40618.29120047661,0,0,0,1,406.0055007587314,434.3010334445207,20208,5214,36369.443298574,91684.965423386
53,526366.2376538173,9.028825826207733,6.020362973178254,2644.0643071788713,2466.9280990090133,315.4019249706441,332.755111489098,51752.03911369577,202.87960744543275,14095.332269498456,1986.6893513265195,32033.095796474354,23382.46122033239,0,1,0,1,247.2478614889701,278.2457418801939,42169,50196,55405.55123973066,62400.47047247803
80,102357.28092737177,91.61898612830836,6.465511262273887,25030.470139093435,2233.8127175758837,193.95250124183417,480.17207666297486,2052907.738561584,1940.4302625901298,3307.1183451439574,4763.523353492334,6.738310671409636,34864.70964652199,0,1,0,1,187.88624940256562,215.69798360932526,24631,21509,42026.077946556776,28792.640464153043
80,708185.256701089,13.747322006294953,7.718183746727995,8170.633575551211,3233.0885233897297,377.01433254368817,147.79226714105118,1022.8748799172827,59.17390435033649,15705.641238569293,12107.631933973162,24095.14261842862,24464.768855009195,0,0,0,1,473.9882779963291,505.5737682105489,59691,50112,58579.13013984341,40501.08946765736
443,100912.38572967587,106.210933560845,8.757750615139427,53270.37802017815,5479.596132723806,300.88845637029317,267.20896179520616,3134360.9067305652,1289.0557877743904,7358.28158225834,11690.273384956437,14578.881469285232,24116.400893183487,1,0,0,0,551.7398030912785,580.3773608222957,50285,45493,35179.52562595275,37257.117140817456
443,554380.3431548132,12.489049205564188,8.757822568325304,3908.5718207244267,4552.086734383314,354.93805755606803,279.6724277233887,56430.59054135684,179.5681158870608,17125.13077923831,7462.816439702578,26803.01753993253,23381.38911599599,1,0,0,1,453.0763770562123,454.27864933932517,27868,56483,54823.70210334298,80004.10710555928
8080,220393.3454639087,16.845547056909687,0.0,5833.321380969124,0.0,249.96379027605056,540.0451898808285,27006.7769296963,54.70837552945037,40125.986246227156,9670.004058945726,31019.109688739976,57032.26594754678,0,0,0,1,453.98763801351487,472.6234844530782,22400,60093,42813.38222366014,104242.57426755648
8080,139707.02790763474,175.72173705953492,11.818909841730388,90248.34712331345,4541.089808200901,556.0820643687264,440.5633253651102,3248810.1930176057,1989.7200367050677,16466.39381963051,6846.7490878457675,25526.342186762427,27235.372133035442,1,0,0,1,354.6575792124011,358.8197018385867,49403,40448,0.0,7544.565008242305
443,3891.9740802965825,95.33609897603449,2.40667781876817,68413.29998273881,1359.8945494904394,522.9971445547119,358.3203882674036,1528489.4067108976,2285.8534360062104,12794.39365155355,10529.687776774295,4137.171882901037,47844.30835456932,1,1,0,1,438.67883533323413,464.78282116195703,233,60469,0.0,51600.38010141119
443,122233.71888497623,18.7284278051398,1.234052895012944,6256.070799463514,618.2588032382444,322.22344014497753,624.8185281297426,73451.96856036238,82.85146887630202,15474.396710585836,6747.138611828557,30284.396223498254,16097.511532976978,0,0,0,1,330.96330016562365,342.23555277816496,64677,36620,0.0,62929.5916349912
80,748486.6792699993,6.248376354606416,10.841664126006853,785.1052133468554,6501.395502483129,409.20008780824156,258.5865942826395,57972.9616973497,107.69930460150229,23810.604192645736,25.48115602247526,25348.54080448081,17922.14304723382,1,0,0,0,657.1239599865032,705.0886597269774,30473,52890,49196.90413970412,94475.07369109131
80,360418.5747040674,39.45782225746298,16.176344619170067,17193.88002008218,10192.761814929208,257.2566043790771,260.854373553693,176888.3819630918,58.860282176997174,8794.53582328731,12370.322902557287,5825.26883825712,22972.776031642115,0,0,0,1,584.7134150510576,614.6062289437215,38507,60690,0.0,26061.888891171977
80,92991.7477127709,94.10579481389588,19.058318715190243,43386.21332389374,10569.264175543245,431.5170990688236,512.0425688064984,1153608.5714157023,1144.3337337617552,652.6375155054247,8227.39470591329,855.1749430555074,24524.136059517943,0,1,0,1,565.1750160388611,572.7544364999616,33645,24108,13138.140454068061,38648.04315949902
6667,718464.2140140962,49.79484603114614,17.430158978336305,40457.52384586127,3236.31739047588,717.9723562246447,559.5494216153847,144834.60964806005,201.85627146393642,5645.311154617979,11531.797315413101,23525.651114735254,35148.90554642579,0,1,0,0,290.80436965262595,316.8734090558981,54374,43161,13951.791075705249,55956.41787855824
22,274214.0260552289,13.576472722206844,2.305153068969826,4175.466221349452,937.4686479928725,546.7104372376103,387.1767327211204,130382.9263706621,172.83513836811784,0.0,6885.39635822844,6254.664426062582,34366.099452718554,0,1,1,0,423.6407423285523,451.88776663561003,47130,35180,0.0,33249.40619997133
8080,740317.6160338421,11.622842102158863,7.1909948626026425,1285.9197762505098,2969.0475345601894,444.1346986134241,536.680009813294,39001.30608402968,89.49706873412583,22033.644008173575,12344.205652725694,25108.310010354347,30974.973327671833,0,0,0,0,553.2833012762928,582.2313813021893,1288,2060,64626.29142953261,113439.94657939364
80,431175.9948093974,21.166244088298058,3.707117723089617,6593.206374903481,1374.8766923233209,210.72138781544348,434.52905278676354,39575.13644242493,121.96887090845675,34448.58181072332,3223.965677958702,29130.410582060867,44179.761414453285,0,0,0,0,179.00443698975042,207.3277346881677,51178,22609,30539.68905202998,50979.19585371873
443,527862.5296714616,19.305723522051963,7.913376044207172,7189.460058114154,1542.0808568996308,479.677527923038,365.0341695234189,5113.918075200825,106.64493867502199,16857.539363245327,4122.395624970855,13034.157809811539,23325.111642700667,0,0,0,1,34.667758615330285,62.80708670032331,20338,33669,46284.861837930286,79656.50025216515
443,133120.37751279963,16.711695193928918,8.155449370080202,9989.00295284636,3759.3353738664096,375.65089953511045,533.2769612714277,96054.34330987572,100.52338603988267,21083.42113381284,9578.368061967678,25151.07041930924,10742.664484806723,1,0,0,0,367.63016707522763,371.75927909398314,9341,263,76812.70291718538,82233.60630200524
26076,823.134024092622,2.4512816037890137,1.5900317642709518,1311.9508028930327,626.4233575965317,388.9096322268678,617.6288007222187,10292.490518167717,352.38800149298913,6634.466485381335,3886.999162973032,18556.922062837046,35147.85127748606,0,1,1,1,505.21404927092703,515.3784371521342,11919,26412,0.0,23013.99175346368
22,346397.5175523978,14.849297831669098,24.99969235812526,6793.258440010408,15032.370092969173,534.2573610156328,603.9533158229411,48121.95109488061,230.5426211870367,946.3862217861652,15562.744144609216,359.2852868939208,29792.909953429877,0,0,0,1,318.13311114876626,328.1059974146974,61449,30866,45677.92727510368,4323.379217247937
80,856150.6640379322,7.360217784161803,19.60365833382987,3666.91041442835,10508.17032367085,318.85465582531526,153.23521184923908,68804.73384709469,0.0,25079.362459658994,12845.713346910752,34863.43568507683,27127.984511023926,1,0,0,0,409.64234916832123,414.6448769779455,32140,60614,40065.79889776865,106155.8066032973
21,94594.59927086737,21.5860694772515,13.557694419317071,11404.470880468534,8251.258262166724,674.9945301124474,498.32635229212724,78688.0470591337,153.689302072364,5556.311445412108,7989.856512758717,0.0,18192.533176559788,0,1,0,0,680.7071788966684,691.5173403549549,2987,20225,0.0,34748.42892556157
15251,7293.759008314446,6.338932173959184,0.0,4081.9096247726616,0.0,609.7575254691849,479.7597478089481,35237.99743444512,795.6135340613017,11919.516973170936,5757.453173431528,6441.866444327809,22510.320103490267,0,1,1,1,543.1682597715092,577.8404218543476,46316,37099,26864.72068448295,32508.7742317759
22,162462.26829142094,1.3363566422221087,21.587381083242235,457.6986815897944,7739.257388004143,365.7992447907533,305.5272863250035,50736.82884247774,47.805073246834596,20304.32115267909,6154.160755627854,19754.581805685357,21739.86492443685,0,0,0,0,228.3168643103521,247.08789366224883,29000,63407,71239.26750300317,110922.57377943234
21,126332.22111763238,16.235216307884073,13.249336888912051,7420.281924845159,883.5717769125582,547.8959365961352,356.12717045360307,103530.26442782016,374.2965578144998,13711.446371604154,13325.167927735947,10699.403560393752,10861.07413257206,0,1,0,0,309.5888848911534,314.6467328156515,62868,58079,0.0,37996.77709148679
80,7694.4133340745175,69.38141010026487,4.124953453045626,33989.382875626376,1247.1091077523183,385.73480322489763,438.59914693941266,0.0,1608.133786251209,0.0,6489.4269909555815,11890.758898625809,38830.335558473336,0,1,0,1,262.39736767285115,294.6019734649726,47277,2311,24048.908786356358,13364.916372752054
16829,32357.930298207506,3.382723582663203,2.3691371378911867,1226.5308295242207,757.027175709484,660.2196906271238,445.8021730192463,11636.911785152237,324.74038464266897,0.0,6562.770923311404,12832.088842465238,30802.369642871745,0,1,1,0,600.0402456287072,600.0402456287072,60922,18620,46147.59047795308,7967.855058849065
443,94747.41810817269,105.36458051725039,21.850775857124574,20721.08779324226,4244.536290994932,586.7052549421059,406.674791997417,2488169.366220476,884.9871614912286,0.0,16967.197759592,18388.77594861674,42834.739718347584,0,0,0,0,453.97625478364216,467.3480997001732,26651,44310,13764.805066699393,26865.68728684708
80,267489.75122879446,13.018590231082237,4.173412123712998,8401.146838323726,1895.3256290014774,556.7956274665046,470.1536899447146,54533.844635634254,105.3980902836582,15114.519194771445,8221.226918902774,30282.933959476748,21065.214094325747,0,0,0,1,521.2016547706105,535.9571406327518,61863,44516,41547.327539747006,136051.7025337351
80,519201.6907141877,0.0,13.623562560400117,0.0,5185.247781298429,280.3976659261076,276.6587332017183,39632.40679552949,137.6651105560422,27229.857764505294,0.0,29586.722720582366,26363.344075788358,0,0,0,0,619.8774219424042,631.3540277591742,7663,30607,45048.60627397652,62749.606588306284
80,38266.53708680312,81.1902284612295,8.32770247017018,30571.24550651226,4538.092635704213,524.0771433307239,380.663114255356,1719207.2568610173,2821.2546708441305,5727.06227493929,11580.060011351263,26166.89872999137,27099.968239376507,0,1,0,0,476.8251031878735,493.0500668593216,4113,5256,19427.803743309312,35890.303983432335
443,59787.36396792538,50.530198409550735,12.848161942374706,27116.151151644637,9618.1957134504,462.7626243685566,410.8869905888764,716011.2163781171,1106.695372231883,0.0,13207.137600625616,8595.673868234957,32402.7451495116,0,0,0,0,549.7493150418542,556.2987367507911,8560,31335,33719.36685012711,0.0
8080,112898.36786750452,67.93377749703298,12.449541553769047,32484.82000367434,4653.508569664312,319.0834513423724,633.4763592884847,2230850.73198996,1348.3481240958404,425.05143800972564,14695.963780226773,8118.588722676781,21949.93981537166,0,1,0,1,422.53273752533966,436.3457613274083,18691,15495,25842.267349727423,38219.140044688575
